danceability,energy,valence,acousticness,instrumentalness,liveness,speechiness,loudness,tempo,duration_ms,key,mode,emotion_label
1.0,0.6583231254778013,0.6741732815618481,0.5616527712194338,0.32124297874164986,0.6765068564191717,0.8280400011945974,3.21,68.15,202502,7,1,energetic
0.8715095233378469,0.8149107428013628,0.7192720799377652,0.30757288612971284,0.36586227581557407,0.4449316578084835,0.30007884114949684,4.7,109.59,239097,5,0,energetic
0.5549216430349966,0.23960874862734854,0.33990760703268985,0.5095986516709536,0.15035461861862923,0.3145150989634249,0.8098042466687217,3.62,121.71,146707,9,1,calm
0.5053012406422426,0.3715332550648029,0.3759545206593094,0.2185600946417267,0.35130499701441614,0.16808268172570384,0.27928778585245984,1.33,112.89,298932,0,0,sad
0.4540282164025887,0.32854203894269796,0.08910047319230091,0.7332553154899123,0.36974395901962276,0.36331941823055336,0.6573395270791595,1.48,65.9,203911,2,1,sad
0.40714953424575284,0.5749255157248225,0.22458048114916696,0.13517316968145537,0.411126046709007,0.6846848718066236,0.1605071925689158,4.27,147.31,292364,5,1,sad
0.9945674847951212,0.8623718008158457,0.4814593681718905,0.4618178807956234,0.3133473438275478,0.45319264186840313,0.6138868030236102,4.81,72.1,289000,7,1,energetic
0.32082636551623495,0.31862031462454543,0.30940131010900745,0.294959712747179,0.5642635889735945,0.1941621574713342,0.21556487657325385,1.59,148.38,165982,1,0,sad
0.5950538007928444,0.5637993590714891,0.6315618154025882,0.7137339107440128,0.664665456603672,0.19868904029730328,0.32408748141087496,2.29,176.8,233273,4,1,calm
0.46813868288611904,0.27611725609232174,0.48236419069405667,0.6719008573867679,0.7031675963931852,0.47493041980603445,0.2971330829594517,2.82,190.74,139754,6,0,calm
0.43170076696488774,0.5134412239891413,0.32279090250517983,0.6522850165146988,0.39689631245423,0.5662884973732818,0.08445440189403362,1.78,83.29,231123,4,1,calm
0.34550669201346035,0.28842840120493796,0.3383735954753894,0.8076997991536412,0.39722221733808766,0.4460880519863726,0.5304594893430197,1.53,187.14,254521,9,1,sad
0.895819775224837,0.9116064491429207,0.4547702145167579,0.20262522756440476,0.2553501763668372,0.7073670134208327,0.31244017933673723,2.57,76.5,160647,2,0,energetic
0.21223763497761822,0.5847028989427252,0.29472371035411793,0.6907851825861493,0.6267364562508192,0.554308822261077,0.3923818365070599,2.66,135.69,223915,8,1,sad
0.4810260044375334,0.49452318797023753,0.5252228723360994,0.4213066455721446,0.43030587328715614,0.8338674635047192,0.1123497108206542,1.88,127.09,241572,6,0,sad
0.7784051753865824,0.5528011095223803,0.589277458410874,0.453585830838286,0.7093779051563764,0.6429597896317083,0.5218629034804816,2.41,92.77,128960,10,1,happy
0.5873155604508379,0.4831127803199079,0.15594541246586657,0.3956553340964442,0.4471420204707804,0.3272426351637985,0.14870545453629108,2.27,90.4,139181,1,0,calm
0.47077402380982303,0.5903699143551351,0.6562778215622043,0.4106640183476651,0.42613694672888874,0.3545940192546028,0.3606216766875375,3.05,60.75,288914,4,0,calm
0.4187594945742986,0.5841198796955928,0.5148976006295841,0.043327387818374745,0.3042373679281612,0.23761810412749423,0.27971041966358,2.32,176.38,274122,5,1,calm
0.420199812098919,0.4963954725897699,0.5502302498568046,0.13689589467762367,0.5931534443638399,0.37702316335269354,0.21820053661364786,4.71,84.04,258896,4,0,calm
0.41377584051740374,0.33379337450580565,0.3151144234352398,0.3253481035756315,0.15411987936442068,0.5295530077992632,0.19609419864078084,2.18,181.93,123298,9,1,sad
0.33181704330203865,0.30727276048810415,0.6142049284268075,0.5869560486397364,0.20313502547148063,0.04375810210942452,0.2934692369899179,1.63,84.43,131409,4,1,calm
0.9204785446784872,0.8389079916058032,0.8282622174127054,0.678720758805072,0.5700710919443701,0.3827937545927026,0.19323137549276864,3.46,130.47,172885,3,0,energetic
0.7016051934117445,0.6736605798005572,1.0,0.32360041811258206,0.6762173834235121,0.5124046263683543,0.5804054708386387,3.0,109.54,288018,10,1,happy
0.4593805384529961,0.5450329055559557,0.8150417473080562,0.447061660693159,0.30161492760804154,0.21276945813971285,0.19057733008117028,1.57,99.77,208543,8,1,calm
0.8184900816928977,0.5420552382399539,0.8311474003106138,0.5806203290662172,0.6195285463242937,0.5865510749819988,0.5523532480666032,3.7,192.16,168414,3,0,happy
0.9633236588791951,1.0,0.8276456976897616,0.33375551228342776,0.6827507283075325,0.550975580021542,0.5430642760808521,3.83,154.02,142082,9,1,energetic
0.4575708720367542,0.3991310703223682,0.49690797111141494,0.5307997824722543,0.12926453662526435,0.4944629902827872,0.25256591634268366,1.7,170.88,130760,9,1,calm
0.4965219930131058,0.45746192596709245,0.7014492616610449,0.5400208265890475,0.41023101585338917,0.10007436154465171,0.23961475300030013,3.72,91.33,216323,1,1,calm
0.31091566575489227,0.05129205078213983,0.3270796262708147,0.7358881143598079,0.6394960911919297,0.27486291973767324,0.44578159946662627,4.36,77.45,285751,5,0,sad
0.734415586261906,0.7562904173564946,1.0,0.8025542399101309,0.46273275513348106,0.10061401099310173,0.27481536128840506,2.34,80.6,145815,6,0,happy
0.8158878632439608,1.0,0.6982348243264549,0.3816270017458164,0.5973502785717975,0.06710789602063495,0.2428570673944035,3.59,165.81,177878,9,1,energetic
0.9005891031769147,0.5666417027416752,0.787257877805808,0.1418764888246397,0.34589105770135814,0.1932640448480628,0.4382605098355022,1.07,120.46,183954,6,1,happy
0.7852337372052252,0.9553236618372992,0.8160012541967062,0.2502702516701306,0.37509846128500357,0.28147394867686815,0.815976548397471,2.55,133.91,215044,1,1,energetic
0.931832018833622,0.6842995242815975,0.628473195907424,0.3770789626204402,0.43017446891759203,0.4267645253703697,0.6193704383716188,4.8,134.98,224356,0,1,energetic
0.9129232432027077,0.8005795039674539,0.5757391222053693,0.7396297756538909,0.7440411873189675,0.7575450648263833,0.656142542910422,1.79,149.96,202454,10,0,energetic
0.7896315295929269,0.4325848492020436,0.9335524754530091,0.4782179228449006,0.11859896447854978,0.5356875221443353,0.745010434854187,3.54,174.66,239091,11,1,happy
0.3964550453226472,0.6747591992778692,0.4825080671550567,0.5483912346607592,0.23774602799572514,0.2888453864477901,0.2695502633729579,1.47,63.03,153233,1,0,sad
0.8774571386294949,0.8571864718567176,0.6221564376034784,0.40123662703225466,0.519985571654481,0.3133299479456349,0.6983797443343848,4.68,109.97,245124,10,1,energetic
0.3854760659272204,0.5457089653214644,0.3613318500947795,0.18596446686082993,0.5209660209294814,0.5655138259759267,0.25817365645234713,1.26,196.15,217925,9,1,sad
0.7806050599557347,0.6005043517338223,0.7557831073550385,0.056500970936666214,0.2927241340819584,0.36844392566912965,0.6876676010409156,4.22,168.19,218715,8,1,happy
0.7674661366335642,0.7551077636918386,0.7626321374025734,0.32740757607124255,0.16481504947682082,0.37534918526764577,0.6434194915013938,1.6,191.65,176768,1,0,happy
0.4423889482443986,0.22177774284312832,0.31077493615599966,0.4431717638703806,0.1821594405219771,0.6674113839898034,0.2807790049055564,4.5,66.08,166985,0,0,sad
0.30214310950376916,0.34248730870466026,0.2508549844035059,0.1777073811265514,0.42911537712100567,0.3079422942257563,0.46093911925040776,3.48,67.75,230944,10,0,sad
0.5167112071310135,0.6174726710513743,0.5789079879893984,0.32489807326067827,0.5575307391413687,0.17324758322566408,0.8161860964431842,3.96,174.85,127455,2,0,calm
0.9371459053951017,0.9127874964439271,0.6731632236819608,0.4789402731269929,0.12346661384188355,0.1724906464741618,0.6019211416245088,2.83,156.1,253554,11,0,energetic
0.877524199186406,0.7486414813718305,0.6980688124387435,0.5005246172152518,0.4387989855574828,0.2441316240320816,0.40492170892573864,2.94,173.97,291701,6,1,happy
0.7199173127662499,0.2257174140095683,0.3599129663533631,0.47349406743039013,0.7146561277890342,0.4934149986810218,0.5775322600758745,3.83,130.48,223011,1,1,calm
0.7042984525351257,0.47493174293203827,0.542386992573245,0.17941064884232427,0.3451924871993497,0.5628264808732687,0.5864392724515632,3.36,131.17,173558,2,0,calm
0.21916681007470598,0.07689009039181144,0.2218879422451026,0.16081029847874806,0.38894397103133893,0.3206629270812316,0.2519887721428351,4.06,153.53,292316,1,1,sad
0.467663902919649,0.454261396259119,0.2851101182426986,0.15426234044587414,0.6121979069305359,0.15022649401724528,0.4574215729540691,3.2,189.74,126783,8,1,sad
0.7149699183964466,0.567786264074897,1.0,0.2693501561844922,0.754355901072706,0.8919560566298944,0.4331852579374083,3.28,183.44,289543,5,1,happy
0.3848131398259798,0.7017236668883382,0.15632903472993986,0.3599679443875141,0.4344755313620093,0.26232216117402,0.3628038870580692,1.85,118.01,214998,3,1,sad
0.9267651511187974,0.7433092004514754,0.6264325071930095,0.10325711783123112,0.7657266203857749,0.439364899888762,0.4087750269105242,4.25,141.03,231291,1,1,happy
0.3731802369408589,0.6441078871886867,0.22471297452920064,0.24340356340247263,0.5120676430487369,0.16872678012857445,0.0821945760349674,3.91,137.17,205925,4,0,sad
0.710275208758649,0.7948772944447008,0.960646777199727,0.21376144941164685,0.21658587029921827,0.44917870615920763,0.509435172414261,4.67,117.0,148981,7,0,happy
0.32781214651424173,0.32673903502792895,0.027062679081343743,0.19079182252412788,0.6323419181690936,0.23415585923521948,0.2936301928535892,1.67,174.04,280903,2,0,sad
0.7305387359691656,0.6741430831418603,0.7114046701792257,0.13512672522158173,0.280523936614656,0.2792104756316494,0.16391670857503057,3.44,96.42,297598,7,1,happy
0.5064140605070527,0.42748013541234875,0.3988708671492852,0.7281877280736112,0.2220943388359452,0.3100968144697763,0.5506071542190476,3.61,67.4,172731,11,0,calm
0.7484849719354195,0.4640516114390708,0.6421179212194835,0.5158591880769515,0.6118796232849096,0.300945938168884,0.3217335513343497,2.29,78.5,187749,4,0,happy
0.9285747118404488,0.6504201964931742,0.5783090901698595,0.8209148547229211,0.5020997693167847,0.37438350994602404,0.42384878724986774,1.77,110.09,250164,5,0,energetic
0.6415672422151604,0.9136425121410785,0.8238024985428094,0.14114032598339782,0.731552566530723,0.35172464973075374,0.5073557037931619,2.1,62.27,133759,2,1,happy
0.6019768532997402,0.4067265148505473,0.5646017277706256,0.4601266832006567,0.625740171511825,0.5935037767247838,0.3844237589554308,1.19,144.81,193924,1,1,calm
0.7854865416978659,0.6660070740004267,1.0,0.130065671016065,0.8016448572929261,0.3710366529773526,0.29078765123193656,4.51,174.53,266262,10,1,happy
0.8698939184494952,0.781482577723351,0.7512902594843069,0.43229075783219867,0.2835330320720637,0.4278652820793584,0.6784612569358544,4.52,130.74,289388,8,0,energetic
0.8445701734958098,0.6363983964160408,0.9631616091677966,0.5991666814817543,0.318016951939885,0.42327173196819856,0.25776366510474125,1.14,171.01,133575,2,1,happy
0.4506420944778028,0.4223622762677372,0.28587411906668225,0.3074243760817389,0.0074389680952285635,0.19514151004859578,0.5092667920035464,2.7,165.63,271241,9,0,sad
0.4434549308093534,0.6400732778658931,0.23687448056749333,0.2941549788059084,0.39631055847312807,0.24464645897939388,0.35391309346338745,2.65,83.26,236706,11,1,calm
0.931181418347726,0.8518998561664213,0.9692817033868483,0.3572824068919337,0.6276671647959268,0.3565870497163273,0.29771175038267983,4.14,162.82,189183,2,0,energetic
0.5007196856001929,0.36763618648309515,0.4525231565696433,0.24248108218041822,0.22283986950711895,0.18900568091470826,0.582562920591907,1.28,62.55,209357,8,1,sad
0.6462927222284401,0.841011799524565,0.7828328456907564,0.10325555526992856,0.4526728791190056,0.2622581731950413,0.5418226563618943,3.02,116.16,249720,4,0,happy
0.944452249956703,1.0,0.5092326096757385,0.5605312476236078,0.1750805836911854,0.767925141061942,0.4371647830331023,4.87,71.74,182468,7,0,energetic
0.4464401153133246,0.5510829996010862,0.09421523701497175,0.49166943187733475,0.3185096907835092,0.07535144322052542,0.20020499646566803,2.01,152.46,141048,6,0,sad
0.6636744033178702,0.7038063707416875,0.7441440256008075,0.3358108867391943,0.21291914423620192,0.6258779530907775,0.06642371896448439,1.42,196.72,299169,9,1,happy
0.6787478052916321,0.7617040416354561,0.7340575770474491,0.6341974724703161,0.6305690541967799,0.2854498409686383,0.2732277245663232,3.61,144.16,286467,9,0,happy
0.8697756313965924,1.0,0.5140543517920328,0.09326170788959583,0.0457269314662056,0.30965425265692637,0.5555745515003774,2.94,196.33,121475,4,1,energetic
0.32543981045663084,0.41164347594868156,0.41093752644191867,0.5661513127951294,0.1542871598083431,0.34326779749046205,0.11382185181884018,2.09,143.21,168912,4,1,sad
0.7306414988463241,0.6803126508308764,0.6293042630875142,0.12401566535457482,0.5675006246794456,0.7400935244796887,0.2540256673288107,4.25,89.65,282297,10,1,happy
0.4718352617745069,0.47152325837504516,0.5098210501650948,0.4132623764981485,0.45114003556126847,0.44362467524499355,0.038188766219894824,2.0,160.63,228653,5,0,calm
0.26870401785232345,0.4496867685299101,0.39503620790669336,0.411154766093717,0.13254870333528232,0.363289806259643,0.27836115203329825,2.39,67.84,155932,6,0,sad
0.3989405913293393,0.48992246290071245,0.6247442461496703,0.5623281877272054,0.5880387972385168,0.6122161013994215,0.3225382078050526,4.97,154.0,177046,6,0,calm
0.3851444585099418,0.4195226592978377,0.602714509925323,0.10272968859121297,0.39448463432640246,0.5225304334278633,0.3100466025366196,3.83,168.58,142419,9,1,sad
0.5362472087129123,0.5602265359905858,0.5544292781621305,0.2615739399462618,0.48041982816312534,0.5936163571691295,0.06687224912655267,2.83,86.61,254454,0,1,calm
0.8628956609925259,0.5613796110058589,0.8623687596358126,0.09151460411489562,0.1873757983041739,0.1157029495186288,0.15046281922964272,2.06,124.0,261828,7,0,happy
0.7537515765063331,0.8220585231434447,0.678131527857635,0.13078981012610624,0.479927549828264,0.2024837112009124,0.3113443410484323,2.07,86.44,292181,5,0,happy
0.8546975764798839,0.6676666452223744,0.8644648396313751,0.5325133119295095,0.6901215345135329,0.32094462964367676,0.35613680166530376,2.14,108.18,234114,2,1,happy
0.47306584073243535,0.6671975746379694,0.330630441327213,0.314766865411852,0.7875636446322976,0.34934478792587764,0.3015273897163797,1.57,124.96,121629,10,0,calm
0.8546040567678985,0.8338646717083718,0.5325323717223929,0.4856947789171972,0.43003258525129023,0.8364705231842368,0.4640082348609351,3.87,145.58,152135,5,1,energetic
0.8037541841486822,0.8637708008611968,0.7894669457723575,0.1007832959110651,0.3525125464734905,0.7516620838704491,0.23980835323969804,3.17,176.61,142516,4,1,happy
0.3162272632588313,0.41626756547211957,0.19383398606837626,0.4461251860801647,0.2459124966802021,0.3564873802774977,0.4595183461259687,3.88,170.87,190971,7,1,sad
0.5208967906621333,0.350557245947152,0.2689422923668891,0.19047902687925305,0.47722768759106815,0.11152724906614274,0.3006030043044471,4.44,116.4,234616,11,0,sad
0.8339064981418829,0.6703957369041719,0.9952325994896799,0.35639757799812427,0.5937306604283099,0.4992098808458512,0.1871504837913029,2.85,79.82,169413,3,1,happy
0.7610400836566434,1.0,0.5879441018951087,0.44682714831708714,0.02399202252853571,0.4945744627689138,0.5369223696946723,3.68,174.98,164037,10,1,energetic
0.8393873218164744,0.7869800258517318,0.9571526091662597,0.15082904165859953,0.17892006606943156,0.5132749223087795,0.324793589487923,3.51,73.31,137091,3,0,happy
0.6616374823911106,0.6110659498306756,0.8265743908752793,0.146875085756419,0.39775507205007515,0.07739434425279902,0.3688261791583987,1.21,138.89,195206,9,0,happy
0.7741989010310534,0.8588009803565244,0.8781384210746359,0.14142264836286778,0.5052047163798883,0.5505869186391689,0.27515328421506197,2.67,160.97,209699,4,0,energetic
1.0,0.47181105404826096,0.6892362491084204,0.5980383979208737,0.3915362294531045,0.3510394371882871,0.11630652895939037,2.92,195.2,163590,11,0,happy
0.9487390853395133,0.8691059156266251,0.6099215899029282,0.3098008215107045,0.21602611448315095,0.4447248949461895,0.74179206431304,1.98,68.85,248048,10,1,energetic
0.3697184778810046,0.49252346268588343,0.259035987369094,0.3110257376199927,0.3000263635387292,0.5683436621974712,0.09794830220158238,3.7,189.68,177762,3,1,sad
0.8558413762539168,0.6839929870041508,0.6835300830920821,0.2845929378092196,0.636014854966322,0.6208927467271554,0.46176817002292453,1.23,199.97,293689,9,0,happy
0.6865872337521568,0.7446220515440748,0.8910206087633964,0.4604212698306172,0.758116194851642,0.605745580397476,0.4521195153370897,4.98,192.37,122333,0,1,happy
0.8288751071185317,0.7138787461508677,0.9450859447902198,0.4561705897670679,0.44383875505892384,0.49896720849658605,0.31582505386679693,3.18,179.84,180211,6,1,happy
0.9842393690190347,1.0,0.5990112317815496,0.4920713903218003,0.824059887470336,0.5588426378171772,0.3641193270213559,2.12,190.4,243000,6,1,energetic
0.8640029075915254,0.7376650546146772,0.7914912154924603,0.19727011609401984,0.43749642918095816,0.6624691403112825,0.5979555717723829,2.06,166.13,236125,8,0,energetic
0.7291408733061785,0.7622883742551619,0.7207055762599734,0.27921938493189374,0.6145005095460147,0.1707711117676225,0.1340223744072698,3.1,160.53,224661,4,1,happy
0.46005333105656754,0.6009492826099248,0.4915875520361708,0.551179380018541,0.5082309064348978,0.5051610888491493,0.6651853034942523,5.0,101.97,267681,8,1,calm
0.5678055600452596,0.3192486209233968,0.23481863918736168,0.7131314067813211,0.6030747714786578,0.21109165217411832,0.3170439894452419,4.93,151.48,213960,2,1,sad
0.5375455857627253,0.2551977672460374,0.36425782505929005,0.32552667146299796,0.2364044918412199,0.16506485094844958,0.7893853205878074,4.73,180.33,247761,6,1,calm
0.8769022345783737,0.7156968919121313,0.8327977197503496,0.1998445459110354,0.5980230294484414,0.19770478221219,0.1860381439820728,2.24,188.25,193224,9,1,happy
0.4535702778267432,0.39400738035948124,0.0,0.6368900110150204,0.49129684099352766,0.3786237490344832,0.3037403143383798,2.34,197.98,213929,10,1,sad
1.0,0.5947335780239311,0.8936861752499557,0.83124152854066,0.6116331258059632,0.7608979225932568,0.3561321900944875,3.37,101.29,282991,10,1,happy
0.4753678674984069,0.4736357266972487,0.38072509197872795,0.3815394351960872,0.34790028503344006,0.3852923946787603,0.3207958566819371,4.06,195.78,235292,5,0,calm
0.6654554404342269,0.6866307889017395,0.6340333788434436,0.6650043528066596,0.49060621430071016,0.5465609871164843,0.26400798306555157,2.54,131.34,290270,5,1,energetic
0.7816738930815174,0.865224123993573,0.5976863781893468,0.1848997205416158,0.8357712856966806,0.6427068580443719,0.9058009291696187,1.84,183.99,194547,1,0,energetic
0.667347584919959,0.3347060144078293,0.5688405210142795,0.5376104787497551,0.5233565450608406,0.15271110098335258,0.3463968813728122,1.63,100.91,215508,5,0,calm
1.0,0.8525871987590586,0.8110809877043333,0.41368046309049555,0.6563811703528584,0.11985617460071071,0.532625707437638,3.89,150.24,251103,4,1,energetic
0.8206383500346622,0.9475887871918474,0.4376255797212877,0.8431635737840258,0.08764512060343141,0.34929236128533575,0.23738104203264063,1.67,183.83,242395,6,0,energetic
0.5523540469695745,0.2830557800736554,0.6000593604666042,0.2525505679902204,0.4100583604305724,0.673632166065622,0.45812201540833797,3.32,159.85,131158,6,1,calm
0.8381352834580286,0.9048289693789398,0.705478575478648,0.37339474946783435,0.14023869937958194,0.11396999772329852,0.1294113793597139,2.84,128.37,124062,9,0,happy
0.6087326318919696,0.22902257340966647,0.48875133479706895,0.20694095953445213,0.2716103872751325,0.30914257896503483,0.16331316230805762,2.76,186.49,296571,4,1,calm
0.39454779424599074,0.08013308542696929,0.0,0.18775493307777963,0.14419010606036425,0.34184823624832905,0.1474117947808986,4.43,70.95,274062,1,0,sad
0.39464439559448733,0.41931456045226495,0.403236142623801,0.719825321479157,0.7130422351775526,0.35553238171268525,0.36226163051905014,1.67,118.02,187041,10,0,sad
0.8637058677512056,0.8735431813572008,0.796986570977642,0.3095289502129004,0.8743935139076112,0.41048130361832286,0.7817791907074337,3.05,78.06,170329,5,0,happy
0.4062790069833792,0.3367626532839561,0.45675842178468085,0.5301236368305481,0.36014090070689464,0.41445221310931374,0.5306137667663998,1.59,179.75,241525,8,0,sad
0.4393742555142892,0.46307119926027746,0.12909585605899485,0.34409823772879194,0.38062202424207375,0.49964537391887276,0.41056810368491337,1.27,95.44,265427,0,0,sad
0.7988973860675935,0.8733058429915579,1.0,0.5346321626535804,0.3125155052613994,0.449914313136766,0.7699927974385589,3.72,185.41,255889,10,1,happy
0.34488837599593714,0.5399599908581478,0.3095312856841406,0.7988518873645414,0.15277588512644613,0.43167251174121146,0.19144220182739724,3.14,92.26,253872,2,0,sad
0.6681314939073807,0.5932287049608389,0.8461313674791248,0.2448062891377026,0.5903812877880181,0.4974946260887078,0.1657766443955625,3.58,81.75,233338,3,1,happy
0.890223976854937,1.0,0.5973632904867939,0.1290151963060663,0.513224823323726,0.34429501277453317,0.3735794927111976,2.24,69.77,121906,5,1,energetic
0.5994558235741622,0.5398128997769984,0.5061702975818192,0.3607708265305207,0.3670186190305778,0.15613684402691885,0.31209617678514784,3.06,95.95,126278,11,0,calm
0.2257450324747921,0.5983137385241243,0.31725078002126117,0.5856028515965428,0.8103387137889081,0.13210737493781496,0.21071963966521873,4.33,192.08,293661,1,0,sad
0.778252802046577,0.4361041202923913,0.5588206739710808,0.7799499274900848,0.6817333013911201,0.39325405136643005,0.5456806361653217,3.34,67.06,155716,0,0,happy
0.5586851538784868,0.6451590028752228,0.4899662782913574,0.10187637704424203,0.6477486524919339,0.4428501282036436,0.39272715350647575,4.19,108.97,205229,4,1,calm
0.298095372887391,0.342968326681712,0.199576463195976,0.24774979092249613,0.3430581215792529,0.37846845238054605,0.34096167957007223,4.36,176.53,240203,2,0,sad
0.8567580450655208,0.4502475051907735,0.7975792957196552,0.47937630132560644,0.6008236584234711,0.5356590615953054,0.501383330670773,3.29,172.39,256694,5,0,happy
0.7817937926123544,0.8875936759517455,0.3717766341935348,0.06356772047486017,0.9285485396060247,0.2651395887927736,0.5758545936068774,4.51,71.35,264083,9,0,energetic
0.8995730321047845,0.9970995006102471,0.7716437630078326,0.4095740654341947,0.1678224203666296,0.1669093436934221,0.3173034112509465,2.64,148.55,138654,2,0,energetic
0.899377232113703,0.6812773735581156,0.6664533637518376,0.6116578338960732,0.5656452087696334,0.7343773683166651,0.5903102535748207,1.5,135.12,150670,1,0,energetic
0.48193896609657066,0.744113522000857,0.5198125784220856,0.5583803855984223,0.041410705794360264,0.17884262735229964,0.027889001186729937,2.94,191.65,250109,3,1,calm
0.5030285133386735,0.7537842373523744,0.35410593750320263,0.1975647390319318,0.25767356036451583,0.3823755046993343,0.5216938640583662,3.31,181.31,260141,2,0,calm
0.6658428621772843,0.5921305938635667,0.8891259724801983,0.6254089012417289,0.36357694100467014,0.401519119079722,0.4791961423615909,2.86,79.9,152059,6,0,energetic
0.3750072063119108,0.4737168266341603,0.2656378453617435,0.27652456496093647,0.22671599821494304,0.6745833743815696,0.7844978763157439,1.21,155.98,198518,10,0,sad
0.35025961103202985,0.7624218370166904,0.4421593465746473,0.16746419210105495,0.595941553351417,0.16476384601497027,0.7916280060107274,3.41,90.29,279138,9,1,sad
0.4139735009298421,0.0,0.2846447895584452,0.6209896339401102,0.5685290417043095,0.15525142563398425,0.21449462153596036,2.46,93.99,180734,0,1,sad
0.3388223739665831,0.39478557128614783,0.17364398359490094,0.24418041252523157,0.3054186141565995,0.8216087220825218,0.7224589275787971,4.2,158.32,135183,0,1,sad
0.8658174131117629,0.746460183276035,0.93591192749543,0.4559512843388724,0.34965774803969074,0.42654479695181546,0.42372600946869926,4.47,62.55,143142,9,1,energetic
0.9767201674868132,0.8076900487162773,0.8250762469343892,0.2839044931968529,0.7267543771115839,0.7624239983821375,0.09675889862485235,4.75,87.46,298227,9,1,energetic
0.8407645655558882,0.47465902569015916,0.9295337368586758,0.3082402128753097,0.0325464194111274,0.5114328798686301,0.38461171492542057,2.78,146.75,273122,10,0,happy
0.7201079344081236,0.7181570424821025,0.874487250582489,0.08961545909599739,0.07467426962767623,0.35229404645383533,0.4056882297385184,1.06,169.28,185089,7,1,happy
0.6648925633791979,0.5016313064884644,0.8722799092577738,0.6738323987263629,0.08613499384057793,0.04194856266309586,0.5918950767196234,1.64,154.31,152265,3,0,happy
0.9186783013873391,0.7191926881046907,0.7498820214935218,0.18869898186842005,0.3607808217934893,0.18765901642912183,0.09516719760901193,2.3,63.1,222855,8,1,energetic
0.9568475211749358,0.9704084749329277,0.7562913382283103,0.3353903404894517,0.5385786604226265,0.2517730224549924,0.11458974618191722,3.43,155.57,151221,2,1,energetic
0.7851821466501772,0.5670002447973438,0.6776612343171275,0.36898545797179827,0.7524031565166451,0.5021704913215961,0.11550700691211216,4.49,136.57,206540,7,1,happy
1.0,0.9108401864653347,0.4702877526635154,0.3357457472689216,0.45723490336923034,0.41405135315249175,0.03429448860967566,2.58,79.26,209907,0,1,energetic
0.3875973815269392,0.5844768046826676,0.6104289860153507,0.20993034764105153,0.7481228293677129,0.5212802640794836,0.38227345500348525,3.27,155.7,120511,0,1,calm
0.4031781568161591,0.21500967605546853,0.3991085091695623,0.03572095974678973,0.13469844087384436,0.5324670079119337,0.3364726616210909,4.19,111.43,135663,0,0,sad
0.6480894708757436,0.993814055944039,0.7148527035927578,0.5426419088434273,0.37504535575907644,0.4037650621030321,0.45766265429623604,3.37,69.41,248617,1,0,happy
0.8619967564516864,0.6796332498771177,0.7227590184435011,0.4314528239898334,0.444359601168788,0.4779750753136313,0.48894071901004144,2.44,76.39,249321,10,0,happy
0.32214129531882885,0.4966097384435834,0.33405945797162245,0.4721197622148649,0.37313052942909597,0.7165307494178355,0.47654218429726386,5.0,120.94,197056,3,1,sad
0.423198032906801,0.46563510184556983,0.24900133338074085,0.16617485717843475,0.4444705732279961,0.5142233232085353,0.17037481222807593,2.66,124.83,140907,4,1,sad
0.32124485593712937,0.32950631902402727,0.26460298516995806,0.3699562331179459,0.2503852593969273,0.2233052188340166,0.10132315990878565,1.76,134.69,177235,11,0,sad
0.36527521568214444,0.43234941812290967,0.36535246678867545,0.5434187565436301,0.5054741598848922,0.16681455932589892,0.2940883365801294,3.8,137.02,237143,0,1,sad
1.0,0.7393419480526426,0.8020324158175673,0.5668413591291257,0.4640047378922585,0.40247345010251134,0.4713771247886261,2.21,105.54,248271,10,0,energetic
0.8745461454745501,1.0,0.9997820456413031,0.4607208106151125,0.7458905845753654,0.4792223951253088,0.8482732451405446,1.64,140.19,218408,1,1,happy
0.5495322769672865,0.4327775271154151,0.5967317698818704,0.26108787363507735,0.5866644715818533,0.2063627375633053,0.8397220637123325,4.66,178.88,188988,0,1,calm
0.42002690209813437,0.37629441362981825,0.4830752017532782,0.6568579441839056,0.6769365102475278,0.3060352493726495,0.4052632821945318,1.28,178.33,201328,6,0,calm
0.9854969768400559,0.846973143434015,0.7877757004216805,0.20675229039415788,0.27790593661244145,0.07063298743000813,0.12176508189159334,4.26,147.4,275222,2,1,energetic
0.8089855755242562,0.9674906665399248,0.8130007690062514,0.6730549712052458,0.2398102893428674,0.5709345444694037,0.1558596418344652,4.35,71.81,198952,0,1,happy
0.1769531980875541,0.3729810803353269,0.37986169740645465,0.7573672450324842,0.33290634228426225,0.4684117304264042,0.45728589095755406,1.76,116.16,290603,8,1,sad
0.9466344792419356,0.5670043094585482,1.0,0.30748419368806973,0.2947518268191247,0.510136524201603,0.424280674521707,1.77,100.3,273537,6,0,happy
0.42054126972186606,0.39402691358273506,0.23483247005273303,0.13008545472440675,0.692581216150087,0.8072875986191096,0.4943860403322471,4.11,96.31,268902,10,1,sad
0.9037676204708588,1.0,0.7128927490942092,0.18077066876876907,0.6344207299367531,0.5230860580239758,0.8867989724857945,4.24,142.02,261846,2,0,energetic
0.27870455037989256,0.43693929901100614,0.135422225162061,0.4410790032277958,0.5517059047186219,0.44475729423420096,0.10329675921375986,2.28,132.05,241420,10,1,sad
0.42821156672782423,0.5180086486343123,0.4947739889975483,0.5510270910150968,0.7804708321554683,0.5495791678444345,0.1375693122459353,4.73,61.45,186096,6,1,sad
0.36712045824305517,0.3611312184050724,0.2629465389544096,0.5475929200739732,0.4659027495557664,0.16819218624410634,0.5147984555723077,1.86,65.29,127742,8,0,sad
0.528833718909379,0.4397059314019294,0.6802554015238507,0.23807221014171603,0.6261513561474003,0.6939340244680732,0.620757316578709,2.75,185.03,249132,5,1,calm
0.34350484733447795,0.49437029473866756,0.07148369127965704,0.49115845621281873,0.3620611416167437,0.11635926667116996,0.6804818196879523,3.38,61.91,178497,9,1,sad
0.617920511190877,0.51278563399797,0.15996371224494163,0.6296085282157237,0.4891218680996725,0.10448018070387051,0.33137073345655593,2.45,120.53,140788,9,1,sad
0.6340388523713847,0.5376095994719827,0.5770373115558449,0.47561204489093734,0.08557807836105605,0.19069350181568873,0.41574091922109285,1.62,97.6,131623,5,1,calm
0.806224203198683,0.8552223442524953,0.864371227949241,0.07468419130047084,0.05033744776563725,0.30079772561121504,0.792514288483567,3.19,127.08,280752,7,1,happy
1.0,1.0,0.6607797156188602,0.2844582591566221,0.7607097003584131,0.6064592212488363,0.3226268553917141,4.76,171.22,265564,9,0,energetic
0.8250890916588367,0.7947742176654565,0.9962338970288416,0.43973918193757516,0.42989944800633656,0.8766533565472437,0.453399823054073,4.25,70.0,135661,10,1,happy
0.8457007024137813,0.7098644814593149,0.606934836317648,0.4789265696091983,0.6375718362819418,0.44688420708548277,0.4570017000792941,2.39,66.86,206978,7,0,energetic
0.3440672347887821,0.37995104001063673,0.5428983114484957,0.43296486129268313,0.5620367092978539,0.22574703291181608,0.13611979942578337,4.26,153.76,298094,2,0,sad
0.23806685290721596,0.9090991771326863,0.7146452686857332,0.49488213368222567,0.7060409644460726,0.3994382231189702,0.1720643337592616,4.08,195.97,299275,3,1,calm
0.6143304274330014,0.6554578862880538,0.6277013183259705,0.4906678701648965,0.5697600274635907,0.29050140356205856,0.488803823599968,4.59,133.79,272964,6,1,calm
0.4392492344178997,0.2407016438810317,0.1847231469886847,0.3604220670934883,0.44697247650271565,0.5505565426798765,0.24182375896166725,1.07,170.61,266813,0,1,sad
0.3537118868468651,0.2893657158746001,0.36738465197774894,0.619758076509137,0.34476408516042206,0.12849917887700973,0.7103721783395983,4.71,178.13,175800,4,0,sad
0.9124665455793405,0.9036504221539274,0.8150243726821326,0.14974296671539042,0.3428312223554366,0.15481044031290303,0.5273938266649505,4.5,116.49,218519,3,0,happy
0.8923096947062528,0.49165892214054174,0.8616429996062047,0.636294281863531,0.2896450067509473,0.3624422958551124,0.41745069728050227,2.69,189.63,299389,5,1,happy
0.8393598237753063,0.5455231408438155,0.7594700457443269,0.6033854795970427,0.22946325169428172,0.6041905121414911,0.31192648524663835,1.94,176.22,242319,5,0,energetic
0.4407814038036187,0.8087737932234333,0.2539048339572321,0.2567448546297116,0.4423587025202406,0.26647057143214914,0.6609333220902527,2.06,162.8,234469,6,1,calm
0.6534513815637201,0.7622170433257297,1.0,0.11868247659827989,0.36885220123667123,0.12425580181562107,0.39747883643681453,1.14,115.46,288712,9,1,happy
0.40756949400050935,0.09183396670185334,0.6529638673366465,0.5193666442438024,0.6399070280787758,0.6797909924593633,0.5278709208321888,4.55,68.63,201011,8,0,sad
0.7968423753129842,0.820605264368067,0.7928029821771858,0.3523921699212573,0.45687489393324293,0.4460760411009474,0.135967393823498,2.48,198.27,127219,0,0,energetic
0.44483175624301574,0.6564863022111561,0.40011690359748286,0.2903030757451794,0.4651562519453399,0.6164365252531177,0.5097238381479018,1.21,188.26,283523,2,1,sad
0.851764200544064,0.7553350098651468,0.6726415353329085,0.1455549549291801,0.22445426284251305,0.7365265493192914,0.5211701550352911,3.15,180.18,151764,2,0,energetic
0.8025440682075032,0.5256371554106419,0.9233072660558114,0.5049322519040417,0.5293183776284179,0.5685515857521354,0.4101245985635693,4.47,147.68,267430,5,0,happy
0.3203008352720599,0.5496834139789815,0.5760203891828711,0.01906080127919309,0.18523082082512274,0.6916005560448477,0.10009530010209573,3.51,167.78,218678,8,0,calm
0.7578367119923359,0.8543803433458698,0.729969619125445,0.5737176290481771,0.0883353297707466,0.47870212335433315,0.04481900265397213,3.61,198.86,168809,11,1,energetic
0.512696133376998,0.15356934116253496,0.19293781941466256,0.20273226035330572,0.7119663907940074,0.26863225497997156,0.16944999035894687,3.85,107.09,282461,5,1,sad
0.3570008591385161,0.38132528978406216,0.44477809394147727,0.5274436548394171,0.13882743681844872,0.30810561048757007,0.3098684086037821,2.77,148.01,146420,2,1,sad
0.4351479900352202,0.16857977271855315,0.20508674551724415,0.5928282697103264,0.42088268621288716,0.3024997985496325,0.2084913216199557,4.24,182.57,174443,6,0,sad
0.17169896275751306,0.6495177585653105,0.07831370327699591,0.4034738043776997,0.5326037888551118,0.28032661056121133,0.1203926053866805,1.09,133.71,129768,11,0,sad
0.42575571918564653,0.6449164370179122,0.12598755565963465,0.7919442744204852,0.09172226541836014,0.3443502065437178,0.13592728650124838,3.19,164.06,159049,11,0,sad
0.46078184388024157,0.39095765614739764,0.07558267834038884,0.1620078789054596,0.8443440872753001,0.652089009858639,0.3711915178090065,1.12,146.53,211711,0,1,calm
0.8187271606767528,0.6436701061679135,0.7328564495407877,0.02937020703990754,0.4006021673429174,0.28567890149088215,0.5976183020244786,2.56,168.91,122914,11,1,happy
0.3733371455680464,0.33270233351178036,0.3806516169197821,0.37277726360426416,0.3484214631742113,0.056183642318010006,0.4690013047447345,2.53,126.56,149275,9,1,sad
0.256101909000944,0.41783725995618415,0.3792485184781595,0.4427069705344749,0.17229219781913954,0.11108340765504787,0.354878255576464,4.73,140.43,296589,7,1,sad
0.9576556963055767,0.9466875231815305,1.0,0.37268860317298613,0.03320216541693201,0.502020344295359,0.20749492125225696,1.35,135.19,225631,7,1,energetic
0.7553585198995278,0.8032935917397686,0.5865830691963262,0.6122466087746213,0.4856003247935908,0.09637792323186557,0.6034248571546527,2.72,164.4,215136,3,0,happy
0.35658898205040196,0.3184330850164991,0.3130972461012846,0.5997840442841208,0.8050891463177493,0.670681986965864,0.4644465432059655,1.49,143.2,288560,3,1,sad
0.8576451345122423,0.47371660476807154,0.8277455862609735,0.6462438910574808,0.3446229322184312,0.4698471059575274,0.22079302275378723,4.82,91.26,286015,2,1,happy
1.0,0.735482124382598,0.8179906162924115,0.329875860219715,0.23923094063081932,0.387386626840618,0.5880422515393662,3.13,175.03,138248,2,1,energetic
1.0,1.0,0.3910412159682206,0.40225269503633954,0.603216828962469,0.1373188245503265,0.3540664495973734,4.27,195.39,202958,0,0,energetic
0.812759976615224,0.8356566710374876,0.807159864158624,0.28435543705665456,0.8270540012866636,0.3116904454905796,0.22865609218291427,4.95,102.04,156066,6,1,energetic
1.0,0.5795031432516227,0.7217343611613768,0.1418401413405974,0.07049789400801097,0.35766177336131855,0.033584111971908415,3.71,127.46,298502,11,1,happy
0.604749691487599,0.3581417618722291,0.3768260437706995,0.5801922738726287,0.2837667888819603,0.21013678099059968,0.21422614476984106,2.37,155.72,123542,0,1,calm
0.850268285364233,0.9441123058189821,0.7245002021016307,0.4522042580179141,0.3723379994813919,0.6158419534534469,0.48578272902786906,3.89,176.97,191845,9,1,energetic
0.8086848519055397,0.5939952944905413,0.7575025454741822,0.4795302322369143,0.24866900196322783,0.04829088329099432,0.40668205632809173,2.23,130.32,216323,1,1,happy
0.2905333460820642,0.1562474800556255,0.0,0.10815717503013507,0.24803401935247676,0.22660089952694695,0.5756213743514794,3.6,107.01,186104,3,1,sad
0.42415370377001305,0.3544584824096244,0.7187306732581105,0.07735062092101466,0.4317067660541407,0.09338555591613973,0.2986196652621097,2.87,110.36,216507,10,1,calm
0.8725302960335393,0.9605088120150836,0.722709582923506,0.13593026166488603,0.1263122395257561,0.4949797513018232,0.29162992505414914,4.97,174.29,247436,4,1,energetic
0.43664430321369113,0.3760367458949493,0.2075260597648812,0.43649080216684233,0.3570647833315191,0.12301125782108348,0.389233456041518,3.39,64.43,217056,3,1,sad
0.43372640279537916,0.22810660574375174,0.3041395648081678,0.47150445224368864,0.4612045134066049,0.5687493451387468,0.6622126927503942,4.78,180.63,211649,8,0,sad
0.40024073882032224,0.39489922277402434,0.29364252837936544,0.6092081831888012,0.45808671516943444,0.2860939025733431,0.2687211028284394,1.85,100.21,261497,6,0,calm
0.2663019103951424,0.0,0.14051681388032689,0.9005878712970579,0.4425060984326336,0.5397813329681802,0.21284848737311274,2.73,173.17,167412,2,0,sad
0.8169744810962809,0.8342835263634608,0.7209665454649353,0.47700163259397793,0.149889667558238,0.637173954906776,0.13662808615667466,3.71,145.09,173154,7,1,energetic
0.42265707529452007,0.43716879805585396,0.46033731330693445,0.04852838113675484,0.6872444609628452,0.6099527267363849,0.31602289437783754,4.71,104.5,136296,9,1,calm
0.8355541513332394,1.0,0.6825864486680935,0.739023420772514,0.23144450649303225,0.18939647875281068,0.5034413645997764,1.36,138.77,206227,5,1,happy
0.6976115992158578,0.67492099029621,0.8364725371499916,0.47606335029948776,0.502678084553181,0.2717211322542313,0.4700947201999721,4.57,184.7,280707,0,1,happy
0.4266734906513646,0.3995294962886208,0.36864146217502186,0.3858174015948959,0.2829798656819357,0.32964295233108687,0.5115883670514596,3.35,89.51,162609,11,0,calm
0.2907603274303465,0.6941540470204682,0.3715156611441363,0.49544076889683825,0.12363295300383532,0.6199965119347106,0.4383215411916909,1.24,176.81,141233,0,1,sad
0.5259438572850885,0.7783205326143898,0.7865695846206877,0.5348993305152016,0.5922871427959965,0.36914246084826835,0.315446246233915,1.65,119.9,197977,11,1,calm
0.7176225554742044,0.8206332794417488,0.9371554723611188,0.7376976955609805,0.572893047930421,0.8826013389809989,0.732266894725007,2.76,172.77,220707,5,0,happy
0.8160649940353117,0.7993394473239429,0.6441333247448392,0.48185585776529316,0.4512396258989031,0.6053754385062268,0.2351836973466687,1.93,171.71,221362,2,0,happy
0.9229358059384991,1.0,0.5005759641710621,0.5947266374531855,0.38466563390761566,0.21369673079504203,0.05405115862428221,1.04,87.54,139713,7,0,energetic
0.8852507291168035,0.7240916953232752,0.7972749677891818,0.8405618886647076,0.19112869065461618,0.14874269374789234,0.8128730980668081,2.45,117.13,281226,7,1,happy
0.9109413486063651,0.7295488341997307,1.0,0.2737721100037396,0.4470111937078223,0.20339839781957542,0.6886252657725674,3.13,178.47,217636,3,0,happy
0.5245122521987657,0.5258601233439784,0.3133150028781682,0.4923727172379123,0.06703856589647329,0.7477703103843916,0.5276212484976667,1.76,146.37,260288,11,1,sad
0.41494213706926747,0.3077968311193866,0.39086381963250655,0.5763834971095928,0.2502880664306067,0.33355879548605544,0.43700886574659126,2.27,168.57,287459,5,1,sad
0.9082691630401216,0.6325349658619488,0.6016530053925568,0.23183522274009202,0.49591736286173205,0.5147172716788629,0.39471703666626173,1.22,184.6,163894,1,0,energetic
0.5197395235264277,0.5064681327455973,0.6070837553139693,0.14509415050485083,0.6967510919329505,0.19077784968764333,0.36113442061170153,1.33,175.88,233752,6,0,calm
0.7613439941219002,1.0,0.563088424277898,0.1779969895358885,0.19330770110653198,0.4863829740654391,0.5125976222417938,1.08,109.83,138014,6,0,energetic
0.7267420472162979,0.8765021516358407,0.9890186253233185,0.5907608430690627,0.33574129885738646,0.29333386514758786,0.125161449453477,2.87,161.91,167118,5,1,happy
0.787195829372539,0.9648563899675604,0.7058175178337317,0.23274380243875287,0.11420036350690224,0.31150716684934254,0.5286592166142597,4.76,60.94,259014,3,1,happy
0.45729768060440845,0.7051476955903958,0.460935412025733,0.25093469313500766,0.348450265228926,0.7197487574766889,0.2227636634528614,4.68,131.24,173635,1,0,calm
0.3243898641930951,0.38902589609942884,0.6088317231865842,0.23062070440637306,0.06256470039508846,0.38307541498704417,0.3369625022225979,3.88,118.18,199697,5,0,calm
0.8868726025043816,0.6340516217299774,1.0,0.4061669791949645,0.5779621816842023,0.5455414815974275,0.8612490347433711,1.36,190.2,232615,8,1,happy
0.36497860719141034,0.5006727884267189,0.27336147848024056,0.7722900260048641,0.31534570599237627,0.6018469246036852,0.49242722935769256,2.21,167.55,235724,0,0,sad
0.36115967059834414,0.4707445618011778,0.21584706345816035,0.5882151744191466,0.25762536107328715,0.584613238179383,0.4051696311351755,3.89,99.26,212011,6,0,sad
0.5346115453154949,0.6786869446086016,0.4941313049669971,0.27558907882850087,0.14132309549912964,0.7312466312469711,0.1557369327521093,2.61,65.07,219205,4,1,calm
0.9659028626492581,0.7673802506893734,0.8469145528524732,0.24941499032826872,0.24147671042207428,0.7389940894340418,0.2995352159468683,4.44,153.08,247932,11,0,energetic
0.8454713099697247,0.8169128061875983,0.8071277137094393,0.6264638166520836,0.17245674807804373,0.22744304235299867,0.2801752658032626,2.5,94.19,197526,0,0,energetic
0.9289877546376303,0.6509115513604039,0.6211264144225469,0.3575544312462932,0.697433202207355,0.23613562567335816,0.5402498219076153,1.59,126.66,250639,3,1,energetic
0.6212450950943484,0.9055780292074437,0.3899296392735158,0.29086742368180746,0.3840859712332156,0.4925135233322487,0.5530512556135672,2.46,169.85,243001,11,0,calm
0.3422639392806837,0.6449220518613944,0.5736911031089424,0.06190015853341721,0.6612239076204578,0.7054915412289753,0.7989942771435419,4.74,178.72,285654,10,0,calm
0.3025467295905267,0.24520339627533688,0.27802752397353186,0.39690987632113217,0.3158940033121301,0.558967946831004,0.32314982509522877,2.57,115.29,196347,9,0,sad
0.9158170019776567,0.7946671853471909,0.6570803569544807,0.17294786777621277,0.2885198508487406,0.5908821994375067,0.13181536273415853,3.24,80.24,241033,5,1,happy
0.4243746518873003,0.44198348243570973,0.21555844679028702,0.4023437133455727,0.7071943438561457,0.21021994088764642,0.3045631035113092,1.55,103.62,212490,10,1,calm
0.20786495165053925,0.7448978746545696,0.46086316008243045,0.6546497181361626,0.2789220564165761,0.6822391896931472,0.27418994604598695,3.21,73.18,181859,11,0,calm
0.732487013680501,0.6450862434192157,0.7090555827752039,0.5085709393142027,0.5654025279727123,0.4827292537011263,0.1974133467286064,1.11,187.74,281749,7,1,calm
0.924608519249763,0.3889914651387775,0.7485968608879477,0.336427870641468,0.5358058384148392,0.384791977207294,0.3759590682684873,3.61,93.35,137899,7,1,happy
0.7713678425465065,0.7784735406660255,0.8298317017848054,0.2386370288379829,0.7179892498866589,0.1784956972918132,0.10305918319098568,3.12,181.62,271189,8,0,happy
0.7541144391811756,0.5992212989841486,0.5871658079187475,0.45725144787753047,0.6420932652594659,0.6665164359927762,0.6249076480458482,3.97,127.53,176661,3,1,happy
0.3900374082953775,0.33148683938601375,0.4130278212363483,0.9283453875793328,0.3652413013509163,0.2734782130375314,0.4162822148798616,2.23,136.27,154353,11,1,sad
0.4039270736192324,0.6807676609421676,0.5218473682894449,0.33187212997522403,0.5841428663507294,0.41303492820705223,0.21026360328175273,1.78,99.88,210929,1,1,calm
0.8360515214944498,0.4790520418387366,0.9784836580812486,0.12361123219230657,0.18398778104812868,0.464662053444215,0.09821487611253887,1.06,94.64,275932,6,1,happy
0.5721092796486096,0.45078270002471865,0.4493523905610277,0.363196015178862,0.2561159496588344,0.26330633050526686,0.47659962571852205,1.01,178.99,188560,6,0,calm
0.4198027908167548,0.5628786961639933,0.4496209779137862,0.5754830394013576,0.543885692948403,0.7373345690531468,0.31050848237976264,1.33,83.7,172270,1,0,calm
0.4201446659592655,0.31101191886845125,0.461091707194647,0.4108687737144982,0.5208183065630443,0.43423507303985365,0.2184608348535384,1.29,108.74,227360,6,0,calm
0.769844187504026,0.6499203315815361,0.8406524728647463,0.649062380435138,0.48219829097297157,0.5821310336542448,0.08541874099615006,1.63,108.32,195680,9,0,happy
0.7325675252797617,0.7315849685967338,0.5792211398423568,0.5484382202007841,0.4444058207441008,0.08753240549466998,0.6148532995055636,2.09,113.77,252146,0,0,happy
0.8344806472766672,1.0,0.7886226185513424,0.10632761078172641,0.5005359648353339,0.2706383168958165,0.7827225827750297,4.34,183.54,282574,4,1,energetic
0.49417928568810887,0.45786003155402033,0.5010536630922998,0.432404939772508,0.5701681202281916,0.28761184435157233,0.2673184043009564,2.81,178.21,166358,2,0,sad
0.5566190670872655,0.27948981062776834,0.48311789491472223,0.4995556541820154,0.3371695112490212,0.4115051226538321,0.6099642185595069,1.18,92.76,130736,0,0,calm
0.2948141407755126,0.3433898222423095,0.14895794255871012,0.820423087492673,0.3327381539571092,0.15002700813981146,0.4046919524512157,1.03,158.96,288744,1,0,sad
0.9557906297539264,0.9847883585259624,0.6781036851538469,0.3189823812564257,0.5996599518206314,0.21024528633960723,0.1845644855685581,3.97,107.47,201365,6,1,energetic
0.3094329041519295,0.30191488643581804,0.515867480129845,0.3328158917090203,0.7098221221863438,0.24053932488876942,0.3163517039062912,3.4,151.24,132766,8,1,sad
0.8852468643432951,0.5156224603299375,1.0,0.4671488243109367,0.2840559190813016,0.5749284451076511,0.45625771983481933,1.48,141.31,287177,1,0,happy
0.4446778183781193,0.43863406471785893,0.2852998616610282,0.33157969085048083,0.18124881440993965,0.5817892443726079,0.3641978419326438,4.62,181.79,222042,4,1,sad
0.5197972125152871,0.6229882732148497,0.5658396508069992,0.476614134250291,0.26118134273343185,0.4882873308034416,0.0532283246807049,1.6,168.98,184700,0,0,calm
0.3170856514556595,0.40324981175553454,0.23562265646585184,0.17940569046506447,0.5117658768629944,0.5507083696221075,0.35827364551037005,3.53,155.01,265151,7,1,sad
0.46574453334136995,0.272962795285018,0.6232923237238606,0.6401720699173566,0.6513800591832543,0.28265607197508635,0.4927054044798593,4.31,196.17,234699,0,1,calm
0.4632518736850345,0.22525665092755728,0.44953564970952886,0.5127392802101507,0.43473892884895443,0.6492532353124011,0.3478675019156868,2.76,173.11,244310,6,0,sad
0.7814712341122292,0.680526895039986,0.8065717207968665,0.6325928500446222,0.3879223481170015,0.6384733926833007,0.0633704986597017,2.1,71.12,135418,0,1,happy
0.7305744104004922,1.0,0.6145451555611402,0.6493836973763577,0.46101406764554353,0.38373268911085034,0.19076869959627984,4.58,134.17,240482,11,0,energetic
0.9100380228565246,0.4935127075167355,0.6337057144129443,0.35530808710008627,0.22394842565992673,0.5899079516150313,0.4365715857276558,4.6,106.57,265267,0,1,happy
0.7061503576636398,0.6812549345889714,0.6536093788717193,0.490348067944397,0.4476495999389053,0.8152820608179981,0.6593979201759113,3.39,162.99,299702,11,1,calm
0.5488494672453242,0.8542417166007035,0.4507006977256556,0.09949578755991056,0.40798162596465626,0.3305717479329152,0.19428239709422676,4.58,80.88,261466,10,0,calm
0.8547729316245188,0.5824283163317968,0.45688462175292144,0.24078120100228506,0.31676839127230677,0.4277977932930427,0.280159579983255,4.63,126.4,145658,10,0,happy
0.9635895738783795,1.0,0.6343507969320277,0.275712365531428,0.30597374676394307,0.19953823670505572,0.39516279428553897,3.36,61.07,172367,4,1,energetic
0.6249070789030708,0.6663945100748936,0.6995518392711751,0.4115993422540331,0.8418952649008925,0.18298545044659825,0.4157153883136988,4.47,103.0,204639,8,0,happy
0.544036823195563,0.422640133012118,0.39876957248534767,0.23502767187761636,0.20548819084710995,0.324894053961771,0.1314741569653323,2.33,166.11,273113,2,1,calm
0.9436304855801199,1.0,0.78468507920158,0.7785390093491477,0.120115156093399,0.4771794403988443,0.47096566799101053,4.04,85.46,150525,3,1,energetic
0.8408981544266568,0.9660089893534718,0.4647783529869924,0.5821724233454277,0.3585889595441387,0.36682238283753466,0.2900415142573885,3.62,118.27,152338,0,1,energetic
0.5430840244333748,0.5364961496192548,0.44844674780933247,0.4750590504419208,0.17797090702790344,0.7062986592473964,0.43682007759510083,1.07,171.55,172950,7,1,calm
0.7984397291476067,0.5318200464357276,1.0,0.4492135280918248,0.4465730695718068,0.15459851260954818,0.6453026635857085,3.98,182.26,178317,11,1,happy
0.4299029589589266,0.6501214426065447,0.39570909184963377,0.4859292169335194,0.23131511954319062,0.595405021550483,0.36069259727352987,3.28,98.37,289985,6,1,calm
0.7449779212403576,1.0,0.6962306726339087,0.3718784107827792,0.1629340238544214,0.3634559892720826,0.5981992418775286,4.29,154.56,135815,10,0,energetic
0.396016900471602,0.6081446321176068,0.20562657208174517,0.2091539452769587,0.5428725392622151,0.5595025981549029,0.2616618091402507,3.28,182.97,155256,1,1,sad
0.37963262498230343,0.32796964387794725,0.40711291694287965,0.442074108495272,0.04687113569608575,0.3916417068313601,0.6355287647997118,2.98,197.14,146093,6,1,sad
0.9699763190461241,0.9558605444968455,0.9311697539460938,0.6164065056600951,0.719132339759933,0.5250876960031653,0.21085690090850587,3.82,84.79,267548,0,1,energetic
0.6650735309999851,0.41776773969568104,0.5730158437283241,0.43481731705906934,0.5321099312331502,0.32489999920983503,0.2780855168195919,4.39,82.78,239864,0,0,calm
0.6456369478126316,0.8451144128731086,0.9362621358629244,0.32315345145479346,0.17093902078886863,0.10831753324920015,0.8203558906670665,2.92,102.25,204209,9,1,happy
0.38220161766514155,0.4219412039983569,0.43821965544446784,0.5379368503806665,0.17798166379063388,0.7426715886566803,0.49359149225549775,2.72,186.07,153783,7,0,calm
0.8212650913219495,1.0,0.9195757253093101,0.46948048065936054,0.19716967054753848,0.6841365851853304,0.10133354542506254,2.64,104.47,198916,7,1,energetic
1.0,0.7060186128318343,0.683570755276301,0.25227019233413855,0.24669072695158897,0.654417143312144,0.4091225038382665,4.21,194.19,134218,7,0,energetic
1.0,0.7209479511031338,0.5336390391214527,0.5902874650011394,0.7847767391655553,0.6502937208042184,0.5031528193901491,4.14,76.27,272426,10,0,energetic
0.8874213079900352,0.6461303055427772,0.929432547919092,0.4203211440115438,0.4645231064609337,0.3177420452200187,0.6037924312488161,2.99,118.65,284672,0,0,energetic
0.3400398551113323,0.2224626454872968,0.12299814969052356,0.6665585235997706,0.23785614841315655,0.3076356124121948,0.5244353143690113,4.34,118.41,166882,0,1,sad
0.7698302201810321,0.5408248317175964,0.7848715941562663,0.09122982106169107,0.3207279047299535,0.5460294687572783,0.2420608446514558,2.76,192.33,275059,0,1,happy
0.8813616536451455,0.9154852527590256,0.5139171393488121,0.3778528936772883,0.30523600933009015,0.6939321576733524,0.4156833676658293,1.73,108.53,131685,7,1,happy
0.53803591244974,0.37289208765911946,0.32603462632584534,0.5963920205778418,0.27962448754539265,0.30547484756156756,0.4012776488891468,4.56,145.7,277705,2,0,sad
0.4455563265435001,0.3331171775460896,0.4001243832258437,0.11929589873729314,0.552893014062475,0.09727624070337962,0.5973084797980873,4.17,112.04,262213,0,0,sad
0.8584002471082407,0.8397191307786113,0.6513668822614725,0.21484097126826457,0.48634142436560274,0.341059177963988,0.8115630985887136,2.27,80.42,291871,11,0,energetic
0.822553166386444,1.0,0.5883802142168714,0.470828002934276,0.10459560056411774,0.35398848321910487,0.33374364763993564,3.92,158.61,170329,11,0,energetic
0.4933567408605594,0.20731518248829003,0.5432738702319381,0.45231008978598886,0.1365514568782075,0.13016338994598936,0.8589070480632442,4.68,61.14,141978,7,0,sad
0.5005403706763657,0.3771241189581069,0.4296604370807809,0.24367505661369357,0.2547468171572507,0.4333305566075325,0.14524749382779967,4.8,148.18,185354,0,1,calm
0.3834134994915105,0.4780309276496365,0.5959252195972645,0.5360577635082642,0.15316662910548737,0.06545346038525075,0.46494962378187027,1.43,89.63,234554,6,1,calm
0.44917930553996127,0.5792569943387263,0.07152196428243379,0.238651246481389,0.6431290755511189,0.47814155746644516,0.14265316365533373,3.62,98.26,291155,11,1,sad
0.7332646411823309,0.6551121616174929,0.6886216336104367,0.5297089967760185,0.3693158806658647,0.5699039436763553,0.5858956681984372,1.71,76.7,154682,6,0,happy
0.5784299769722616,0.3551502794715188,0.7443749547351417,0.46592266761136636,0.1588728060802047,0.5801869700653212,0.6361129882790298,4.12,138.95,167009,8,0,calm
0.463144641268983,0.3776702159956868,0.40106354317509135,0.35603612171721616,0.5230936956709946,0.14875070709557298,0.3013621115385186,2.79,134.27,194839,5,1,sad
0.7158178196809777,0.7887967395544566,0.7899041472452465,0.4229367408710989,0.6471834157691241,0.6852457096635686,0.07105677780751661,1.47,175.99,164520,8,0,happy
0.800546037757324,0.8474572979359156,0.623988046063202,0.5437415280619192,0.5381084754884536,0.3629280504158449,0.8216370689885203,4.54,87.91,268030,3,0,happy
0.909290961929272,0.7648053156046851,0.8956480031231919,0.4302353910632545,0.5139262629415833,0.21908669884982881,0.38054901179864936,3.78,187.28,263553,6,0,energetic
0.753006638207326,0.7297085388827724,0.4948466198173456,0.1316786403946105,0.6962743963029651,0.28663576651394695,0.7792690824067048,2.35,117.65,137440,4,1,happy
0.7526888314901836,0.8584045049538187,0.8356124607316655,0.5357281735458516,0.12674496904750535,0.7887983199144397,0.10293862792340064,3.51,141.6,196877,10,1,happy
0.8520417917769195,0.9129695205594381,0.7348607820480524,0.7251860439167291,0.1590420112524608,0.444203562389541,0.7682888160417027,4.43,167.74,163551,10,0,energetic
0.4901269769561615,0.21833387662191991,0.2534596962577949,0.5837710436774196,0.324424626991932,0.332250593457145,0.7001091707106774,4.46,183.92,128088,2,1,sad
0.6811615329259929,0.6937401317051731,0.6587263184444898,0.4885232315845426,0.8169802002121821,0.0042095839601051805,0.2475132072708835,3.46,119.56,142863,8,0,happy
0.4637574421332186,0.3008217253806942,0.3159508810326498,0.3661467379679524,0.34917846819972453,0.7664588645360434,0.4180292684370516,1.24,94.95,187717,3,1,sad
0.3807193912692588,0.19907231146524446,0.17225741397199376,0.46475806706419265,0.3287452281085953,0.6075397456042846,0.3588568680618286,3.25,94.91,267057,4,1,sad
0.4576259801971366,0.37006907178546466,0.25417514218792614,0.48133358460636483,0.18557919595038194,0.22351824998716574,0.5628531118556219,4.57,160.68,225298,9,1,sad
0.9130297699546641,1.0,0.6712062636211138,0.5125423776569521,0.20572231409866298,0.5411697536371728,0.5176021528622655,2.72,160.41,156881,9,0,energetic
0.3714400885947228,0.25762302935497516,0.5558972279720082,0.45019679964010295,0.46574037847413435,0.29116225193724105,0.4622673081222577,3.24,170.55,252984,9,0,calm
0.9301700008901735,0.9263304344367898,0.4234309624778881,0.29349643344414494,0.5708114713137101,0.6101368851625443,0.3363082590535567,4.38,115.31,129227,9,1,energetic
0.708903914510181,0.8114781372343095,0.32886593127514985,0.40357998139983964,0.4960196662703913,0.24084160795863302,0.33610950165166986,4.68,112.18,218703,0,0,happy
0.26620636701993083,0.6775843473903573,0.3706284218949083,0.12555423428989462,0.09773371381869972,0.3184522965858254,0.2601466203773775,1.52,141.08,232544,6,0,sad
0.3496795240607746,0.49781622483940835,0.4205694144847752,0.6505340464666302,0.10123173079238335,0.29530971466990935,0.33883092343246485,4.97,171.77,244807,0,0,calm
0.8374163844766265,0.8252533343819197,0.8252282138800282,0.18651770107683768,0.32027674814887086,0.36736245667967343,0.385770519269401,2.62,68.74,267794,1,1,energetic
0.3629617790771648,0.5593925078853361,0.2699961753652299,0.43831047517573063,0.17870811422211266,0.19996591331623428,0.4108427756202449,1.47,151.32,121268,10,0,calm
0.7260254667519319,0.7699982067970074,0.5860814020024504,0.20516204652341333,0.34426983930148003,0.3359342578846441,0.7631941943435426,2.26,79.29,253627,5,1,energetic
0.3881180715990836,0.47200542559052905,0.6862144927815849,0.7354039155584884,0.4333651592553357,0.5659142395956618,0.6521161608938614,4.65,195.57,238106,11,1,calm
0.580567780714109,0.47448757526279056,0.46438234539074447,0.15995639450244908,0.23827345330769883,0.6410037231599119,0.4381929730201282,3.02,126.0,181888,4,0,calm
0.9589876890242934,0.731343167819973,0.923997116980561,0.6299031826578931,0.6277682771483488,0.5720809042354501,0.1502174801333495,1.7,142.63,245149,10,1,happy
0.9469839922351605,0.8302516476503781,0.6673585232160228,0.29136756095372146,0.48592439996648645,0.2593098026617879,0.3226954721515917,4.83,156.46,193421,8,1,energetic
0.21775860774423314,0.5536940218608152,0.33766913398183,0.4505915852947545,0.5999883556182655,0.3511881971603079,0.15512838836384557,1.61,179.87,289171,8,1,sad
0.7468649597187197,1.0,0.7762768510965871,0.27465083948441354,0.49929195148888944,0.2989033810179015,0.4157218923634702,2.64,132.08,159085,2,0,energetic
0.533868731792169,0.7211069900219151,0.6997382048731549,0.5896312822674875,0.3485895323430793,0.06526592627448428,0.27444788177480767,4.69,79.88,174763,3,0,calm
0.8420938398660776,1.0,0.6012678551736845,0.6495345344802492,0.646564356910776,0.22015746313727186,0.46063163441462796,3.67,136.51,156946,3,1,energetic
0.5269784398839091,0.5394124325226315,0.6001243248070034,0.33468681981974463,0.14078392424979497,0.1886785872149315,0.31503439033764485,3.09,61.19,243738,11,0,calm
0.8874959536924241,0.971405221319464,0.6779883140657745,0.1901768197044201,0.32067502838024264,0.5041703713987067,0.1627247234257317,4.07,64.02,172102,9,0,energetic
0.42350080512438726,0.6576642681048995,0.623113895597196,0.5792602631504911,0.7524680856475852,0.7972702668670962,0.3063920561028829,1.73,164.03,272627,3,0,calm
0.7955433100574518,0.3551862572865722,0.6320584783708597,0.5764806998516824,0.876781212594631,0.41549198613966143,0.47784665692389083,4.29,196.12,189707,1,1,happy
0.7411655148475493,0.7107210987394624,1.0,0.16678008702186548,0.3678818643521298,0.30720521932501393,0.5766879445267417,4.89,192.98,278492,10,0,energetic
0.7528561126093444,0.6420853322777081,0.6236811513105698,0.27956813984925133,0.35916147519607877,0.381437107192311,0.6197718738638566,4.18,150.27,279679,2,1,happy
0.8915425284913342,0.7109310459845986,0.833708799246967,0.23623285691947632,0.22298185688993216,0.3120103279648899,0.3575385579377974,1.58,62.57,271298,11,1,energetic
0.7390526374350359,0.6879255206493284,0.6013414002915374,0.5513819959785525,0.7408430697426799,0.4740780348241877,0.4802462141435774,3.05,164.15,191267,0,1,happy
0.5335175484100696,0.36882797025279235,0.28931036409401256,0.25152210107396705,0.4520533905720655,0.28807230166653586,0.6205776140352303,3.9,139.76,216073,4,1,calm
0.7597393458841168,0.48108923899321765,0.9404002620917783,0.5162527657556555,0.2904526147555907,0.09716372094848963,0.16207456992289648,1.03,71.57,142710,4,0,happy
1.0,0.7204250110964655,0.9509484554267429,0.4126454744124275,0.7369021670994772,0.39260086225687035,0.7092231990485458,1.87,62.07,168331,11,1,energetic
0.8664955457735717,0.5517754978494386,0.5568320784415731,0.3822206776406865,0.563524965435264,0.9189949191126577,0.44597062600457904,4.25,73.89,197155,4,0,happy
0.3490201091516473,0.5461054245375523,0.28625178323275613,0.6006686360794306,0.43318168530395446,0.632285842144115,0.32947274435505813,2.45,164.65,276647,10,1,calm
0.569841304607427,0.5437163556618261,0.581580737388259,0.2589367288233451,0.8412931185939234,0.5325281048473768,0.2795667901371886,1.29,148.84,243189,2,1,calm
0.8598098148938786,0.8915564749750722,0.8352195965698277,0.19176276922625177,0.5245920326424598,0.17307927631550407,0.2576541157930216,4.57,179.33,187497,11,1,happy
0.8333387417019148,0.8524715565108565,0.7556611261485151,0.6473568240211784,0.25578064750584306,0.595501893711617,0.13672182069380895,4.52,128.28,233514,10,0,energetic
0.7670687814747966,0.8533314834030145,0.8662662430123804,0.44841822341532217,0.25758102534602195,0.21342606005846013,0.5903193643992034,1.4,72.39,251687,0,1,energetic
0.9644202610696158,0.8119254600322029,0.7291615312423925,0.648586998132283,0.11859014885066017,0.15552203237887838,0.5513668030954555,3.62,98.56,294193,11,0,energetic
0.39694632357412474,0.4262498376399724,0.7273868435939295,0.6169895864442815,0.40814043724320653,0.8585875368992446,0.7739244035160715,1.42,133.39,229904,10,1,calm
0.7097604515359756,0.8351432956215774,0.6900463379258496,0.7725445734101134,0.19863747207719976,0.22887540249289906,0.4453709474877109,4.89,193.76,139778,0,1,happy
0.8325176796529065,0.6749913950369741,0.9213393800706947,0.7270660952603272,0.38471997362318894,0.5554753796842339,0.32612337589495305,1.42,64.98,211544,7,1,happy
1.0,0.7919756040635925,0.8190941246879297,0.40877917479905085,0.3999056370319493,0.4443338570582343,0.5692813809688209,2.77,144.6,287725,5,1,energetic
0.8629438247132335,0.7969394702985206,0.8321096354666841,0.19978254526716993,0.6348798857444867,0.32937431203574485,0.4783258697580466,4.32,95.45,221481,3,0,energetic
0.3794476720860003,0.4944292332583422,0.2583119558296746,0.34259310338091437,0.34192638119928376,0.650085502755714,0.5120528179897623,4.55,106.13,231453,2,1,calm
0.4938207620551288,0.32013115238974044,0.39871013633352803,0.7229029613650565,0.0727591092835106,0.4332150456215677,0.17035442620886732,3.44,190.66,155225,9,1,sad
0.8411433963679981,0.9610233276566837,0.7758475332671175,0.6353287705848417,0.7509001258008595,0.12627239446536337,0.6700332456034788,2.53,139.51,282165,2,1,energetic
0.36393486738940906,0.43063667330473476,0.5034141183692261,0.15784459319868394,0.39766060836799416,0.7455216736521835,0.5127724672603323,3.64,161.8,121947,2,1,calm
0.5293889605843802,0.1970802217823648,0.4936051913306032,0.6573376549522395,0.7632365764184548,0.22354849743331742,0.30450529766361834,3.06,94.98,245008,0,1,sad
0.46155591630907744,0.6491813001350495,0.6507002724644863,0.37243358543994515,0.3110412382430556,0.3601448742926645,0.4021516471613453,3.92,164.35,204992,5,1,calm
0.45681239534411616,0.5668191386129334,0.6225010423130137,0.9023596132570302,0.7933567659395551,0.3756708588044382,0.22212747612037967,3.85,152.88,293315,8,0,calm
0.8079216824420019,0.8240333829725063,0.7614033700722985,0.33802167677588724,0.7114686962793906,0.3193112988015307,0.3165627547995016,4.05,96.75,164155,3,1,happy
0.9230872620060854,1.0,0.7869739804388436,0.16359171911582268,0.035182955388902495,0.37216718672984567,0.04020920927505375,4.09,175.66,156756,11,0,energetic
0.9952368649054036,0.5808620260532064,1.0,0.11320431899015816,0.4925005923157666,0.3315072875809716,0.46369536554912233,3.43,174.27,299297,7,1,happy
0.3737183157473885,0.2844328436218855,0.1691937756332868,0.05327954196532308,0.32966748821515923,0.7716229185939534,0.6505470630932815,1.25,125.77,167945,11,1,sad
0.8244539198607118,1.0,0.5960564493203176,0.5954792662845223,0.37120122817423573,0.06792904099283313,0.2708206225742164,1.82,155.6,257591,0,1,energetic
0.2589782675812491,0.4201692165979359,0.008883432854617734,0.628518572918918,0.6274807703264019,0.5186623337540089,0.29602788767952964,1.25,113.38,160968,9,0,sad
0.3787259385125195,0.4582122914364928,0.5529558872622501,0.44223832392823015,0.39065269553792464,0.16371911413459764,0.5701415396196234,4.6,105.13,237362,9,1,calm
0.8069382680273796,0.7557175549791918,0.8844228522710048,0.7033367332635844,0.35562279294088767,0.11660457163058077,0.6425451063065915,4.37,85.72,278175,6,1,energetic
0.624545351965963,0.7650226419968457,0.8386920999215297,0.4416622585314625,0.610366208713033,0.7657651501980381,0.5294346380957373,4.57,167.21,161798,8,0,happy
0.7409679976069621,0.8056365084172311,0.7404639203664426,0.2647155381259928,0.636788704313157,0.3554850875868306,0.48145907064749205,1.51,83.94,140175,0,1,happy
0.32874213371326727,0.5661544528986342,0.3933706374283119,0.3599882763982973,0.35571899314906325,0.23119893458213026,0.49159343997318217,2.38,165.41,196421,10,1,sad
0.9039864207491586,1.0,0.6079954599065146,0.37989695240423516,0.7150395152185594,0.40292008761177006,0.1657313368604248,4.54,115.89,192160,8,0,energetic
0.4475642437409228,0.5318961786271467,0.33649541764298163,0.23924118419809542,0.4556054616256437,0.22575359014502913,0.6298075729729472,2.71,77.11,197616,1,0,calm
0.49393630640715724,0.23572376227968123,0.11940894791382664,0.4924608868849045,0.21280664349412634,0.5886547550018723,0.3863244075754036,2.99,140.34,187133,8,0,sad
0.6930791074930569,0.7704220326988453,0.9794790180024326,0.3780879669898427,0.4234623878390391,0.09096591586651413,0.30895178426196057,4.51,84.26,123622,10,1,happy
0.36321890416303654,0.22369187077646074,0.3980245123778894,0.44447512658888094,0.6333852043602732,0.43046329769735575,0.5848348412222006,1.52,157.91,238777,3,0,sad
0.6764706676114316,0.7062967650064901,0.7882227048747491,0.6269195735176655,0.4461079603057963,0.6408062961917874,0.27914954143525744,2.87,184.26,235427,10,0,happy
0.7066561486127008,0.76071637866603,0.7213522829045889,0.3548176673503049,0.10026258366561844,0.3839115100786267,0.8848709119009526,1.61,79.33,143811,6,0,happy
0.29855225089836973,0.577096484749067,0.3183138144676627,0.5809693796268355,0.3825867462756928,0.3025045459506899,0.5027242494891966,2.82,60.03,282168,10,1,sad
0.42324866184193677,0.5352244799714099,0.2296131243506016,0.17459221838421793,0.20643094738900566,0.06527527456301091,0.8715325820889366,4.43,155.79,278839,1,1,sad
0.940404916653297,0.6686710658719166,0.8328291058458932,0.4255769105826965,0.19861951524945679,0.5181340323100024,0.19650313732418614,3.39,157.04,204318,4,0,energetic
0.8442870111401592,0.8041915019210377,0.6398319540743636,0.6609130600148636,0.20482868369231153,0.5228657768785374,0.6037127525573753,3.3,139.27,167143,3,0,energetic
0.4677701094066044,0.46528172924344036,0.18877526251309124,0.3052725134422908,0.7708245418834563,0.4619420888449782,0.33520360134040866,2.07,121.62,263275,0,0,sad
0.41716363663686684,0.5029049017094176,0.49562186369348094,0.3003906844055423,0.41470850627854405,0.7436110796193761,0.23913186349788346,1.48,141.05,178226,4,1,calm
0.4636090233416608,0.4848926642562268,0.34671663526598745,0.1478718279504417,0.443031391197403,0.46753730006362054,0.5794702293819528,1.85,181.51,296893,1,1,sad
0.7439205530760026,0.6207908330461394,0.7696847609102246,0.5596055978475954,0.47847963795796417,0.11032602984406922,0.6359238067635169,4.73,108.33,139166,2,1,happy
0.3587299758300042,0.4155317711240352,0.17889202158957718,0.13487806669672942,0.4565798475188804,0.4417597477041182,0.35884296061274806,1.54,63.3,141006,4,1,sad
0.9949169398961523,0.9299164535344946,0.7041810944154987,0.4098672193899043,0.5110871490250314,0.3783447608424193,0.5444692365326793,1.03,190.67,291914,6,1,energetic
1.0,0.8086537858220976,0.6218450607118268,0.42147179040261157,0.3275928282476291,0.6202334052832481,0.3510611888390649,4.85,81.44,297439,11,1,energetic
0.524474468205352,0.46269148638762014,0.6252484141067879,0.3229287162538167,0.4009223141969128,0.07999284540535788,0.2347723046280408,1.74,100.57,153110,11,1,calm
0.38406152776026486,0.6267936282653566,0.359438357867116,0.516508771862196,0.48059688902285075,0.5443549159347454,0.2039516353784476,4.54,154.93,166232,4,0,sad
0.3813235846052553,0.5128748598787987,0.2643603231596121,0.22805556802221538,0.3273233613834021,0.0962775040853677,0.15828410111718547,1.98,191.18,128275,9,0,sad
0.8162669998997533,0.5715540145835276,0.7732085038178984,0.38008200832854755,0.5723046387374918,0.16773287570639123,0.3667028016975263,3.1,178.73,271193,11,0,happy
0.9719270641576389,1.0,0.7123089852942411,0.3755122372387587,0.5263071711140521,0.34018129591813784,0.20758536972744432,2.63,95.8,200655,11,1,energetic
0.7468464684756357,1.0,0.6692073970755623,0.48794110554542963,0.3479528854824372,0.3218839080737989,0.33462527168060396,4.23,60.51,177610,8,0,energetic
0.8771698710648346,0.27271860690548866,0.9723148550558156,0.07727385685703901,0.24056494116914792,0.5176656630760449,0.7281669724781362,2.72,94.82,231086,0,0,happy
0.6141628864329489,0.433676754464522,0.49730535673142656,0.3569302643483988,0.2436835096290712,0.5025314189743146,0.523629777196741,3.25,75.67,229711,10,0,calm
0.6416079596482864,0.4857761586778547,0.5073343776044822,0.44874311114299253,0.33311416320283194,0.6529392506425289,0.43948435472312436,2.63,153.12,150864,11,1,calm
0.34638489241348797,0.23570963918852292,0.1620349260147972,0.6244517860742547,0.37380640613809485,0.503661379193361,0.6838079916590083,1.72,135.7,201050,2,0,sad
0.32459575083324527,0.6916161555288243,0.2280439890663265,0.560366443847823,0.18261567636052561,0.5319515771950527,0.35227925245611685,2.4,188.39,144115,1,0,sad
0.47774671173323136,0.49441792154395764,0.52151867916242,0.4651356737389958,0.32749646491462014,0.5671439047069643,0.3556431275205885,1.48,115.89,160307,8,0,calm
0.7778807785380768,0.7697288114633776,0.7722809382511129,0.52259193896719,0.2713082859186816,0.24009152833336395,0.5411195268725892,3.51,183.94,263527,6,1,happy
0.5918449963806134,0.6039098563195578,0.5046029529321402,0.4484276053235011,0.3618491945185388,0.8146597802493815,0.5692631458784918,1.07,127.67,299393,10,1,calm
0.4284615953465056,0.37536398018872574,0.5068874139243585,0.2675853197615928,0.5746294271607363,0.35362328162314405,0.1593099040061639,3.01,62.72,229409,8,1,sad
0.9540099654355633,0.7984599826604153,0.7719918220295395,0.4973270283319835,0.5584016068091668,0.39229981337120073,0.6362059573150989,1.23,173.49,203974,7,1,energetic
0.6588329310332874,0.2503998135637457,0.2716457863332681,0.5436904406243956,0.5185944709257275,0.32355276048799475,0.22934923078879182,5.0,116.75,218322,8,0,sad
0.901381923682132,0.7827368300097783,0.935086384334793,0.5357762287797533,0.6775015751359578,0.4974635625188636,0.18426040081121986,1.07,148.86,239769,3,0,happy
0.48104322633484997,0.6575091626895927,0.3706057118248772,0.5857049038208195,0.3010809668845908,0.13795005712956943,0.3710394107143791,1.19,108.12,236625,3,1,calm
0.5492952622753828,0.4460558855877733,0.2923146246701713,0.5297491774034179,0.18888167020755287,0.17824036206414584,0.6924034449484181,2.13,127.4,127991,3,1,sad
0.8427643677276295,0.8624906798554729,0.6157269023221434,0.047476943999411346,0.6577296546989179,0.07598123598567556,0.45666209366406146,3.0,132.71,252841,0,1,happy
0.31750434021938145,0.22669351757605452,0.3373728687709539,0.033895418234048555,0.3283996941030249,0.42099908412262044,0.4948719943504381,4.56,172.18,179918,3,0,sad
0.8062353196593347,1.0,0.606802707222591,0.5544623196207222,0.7203145970487531,0.6807842624179291,0.5937940005439176,1.11,157.46,292878,8,1,energetic
0.6968873472372711,0.8843892800358654,0.8584470787220373,0.37694207404198793,0.3404485600715905,0.2430068604847429,0.40400174949775436,2.11,103.4,180804,11,1,happy
0.860335700674941,0.9448102533490209,1.0,0.4883702987306425,0.4112719114423186,0.6958476904050754,0.6049481705692374,1.7,94.48,151753,3,1,energetic
0.4221811148330962,0.44825820580236986,0.2786266722410163,0.39952284397116855,0.48777896945358656,0.5598049945085928,0.1308446155653866,3.97,140.18,257515,2,0,sad
0.5400269815513126,0.6837933567703955,0.3361504746488691,0.17113047636777956,0.2470305134649867,0.4131534263532695,0.5492299923253776,2.13,180.51,195897,4,0,sad
0.4405185229295023,0.5240653572645011,0.07379784410507575,0.4876165405952069,0.609105811978134,0.2994332830548471,0.4094041619930966,4.58,126.53,290121,11,1,sad
0.6328907852575955,0.4534927763647309,0.633488757537675,0.2511188828117096,0.3056115055459103,0.4371779858753874,0.1245010768613928,1.16,197.93,268875,10,1,calm
0.4151470679021233,0.25820119972878075,0.33935247790938694,0.3775531684441423,0.936682662831223,0.07972394546923361,0.5065958946669756,4.54,184.12,124352,6,0,calm
0.41860133781990944,0.559088850397355,0.026000997448616447,0.34738122004699146,0.6521160016473404,0.48985263535698187,0.40410233182675354,4.01,186.87,253818,1,0,sad
0.7097904192329816,1.0,0.3302988272996092,0.4490623218444446,0.3517257229539472,0.20516677425262814,0.11998862935481548,1.96,128.48,132610,1,1,energetic
0.8374892579306348,0.9160138206413005,0.3490459925384106,0.4340794924618231,0.020797415675977492,0.5647415385229195,0.21823857573983366,4.76,161.57,286561,4,1,energetic
0.8526099945494662,0.6439721416951774,0.8660144770100566,0.13425943495916656,0.1953469429138084,0.7437882686748688,0.13996316784613483,4.03,153.49,212666,2,1,happy
0.6236798541352808,0.4377362994912007,0.6057722988407265,0.4188596739313224,0.26778163892894025,0.35935495473722345,0.08664923666161306,2.75,110.25,221916,9,1,calm
0.773364134515359,0.947464468198048,0.7037637032337938,0.6882209730293277,0.39499248646896834,0.6327279301220913,0.21729639785275617,3.51,172.19,251669,3,0,energetic
0.27210532196726767,0.12780289142269396,0.41386307494013597,0.6968628256298622,0.39122431873123387,0.406683171264268,0.30104820219258766,4.4,99.38,291531,6,1,sad
0.5922173456507086,0.480531375619296,0.6535553504885148,0.5185987546897423,0.42138446381267713,0.4771567188409606,0.17063764554888874,4.1,148.21,296806,3,0,calm
0.2828875622443552,0.514826526258426,0.628110537606793,0.2264621506370493,0.511356139446895,0.38297646790015927,0.4368493500600347,2.11,138.46,252840,2,1,calm
0.8443273298006406,0.7221311367797992,0.8115482629587341,0.5143113211045922,0.20193018717801423,0.5642084144226049,0.22850953662606857,1.06,141.4,139053,2,1,happy
0.601995504251033,0.4925557415933803,0.6027092537954368,0.4405792440320044,0.20078431164034985,0.12254775282792765,0.35308265541691103,2.51,104.2,285149,7,0,calm
0.8738466579995411,0.7257052421784955,0.782652757641764,0.2399949436497514,0.46712357142478955,0.3308197578886991,0.5692393509822348,4.45,147.26,179561,6,0,happy
0.7833114093150318,0.8075105129882435,0.8681131562545606,0.26526162130468656,0.5915044697431809,0.22582438232306837,0.27463979554702345,2.5,133.66,170583,5,1,happy
0.8195310961475505,0.9270610564858337,0.8004232117191945,0.8406854870008058,0.3263141601519279,0.800903859450379,0.4685937674754503,4.81,142.8,210234,0,1,energetic
0.48845116400781746,0.41950244973737144,0.5200184466977305,0.24211513230656895,0.3544340022420114,0.3931767724966055,0.15300679424805505,2.74,147.58,188215,5,0,sad
0.5638620219936767,0.21951459756253816,0.3624195979802546,0.11717474956091724,0.24339026562241461,0.3514085889156743,0.6280777901062838,3.29,193.44,213012,9,1,calm
0.8234630090542938,0.663294772937722,0.5978005135137316,0.15797166505291096,0.37151635572470393,0.3422369254073509,0.46228044682163905,3.74,134.7,161505,0,1,happy
0.711172232989909,0.5453859714587206,0.7081448963684444,0.5084982437676636,0.18343994924600168,0.26742555643850313,0.324366181782757,2.74,199.73,245221,1,1,happy
0.4549574316064444,0.44644222059469585,0.35776859608624295,0.3457621194180042,0.5625855477406327,0.02259624918631534,0.19648190964342832,4.44,80.53,283549,6,0,sad
0.3452126538976914,0.6582166721414985,0.494596844636834,0.5111759593575302,0.46365341106071567,0.6570725987969145,0.2935334393371998,1.73,111.11,197838,3,1,calm
0.45647891059076484,0.4720050541848033,0.28908024110500546,0.5333772301680526,0.12293019175631226,0.7100784994777312,0.4179512651748424,3.08,199.05,122082,9,0,sad
0.9332346371472003,0.9989102684772743,0.7451501850877713,0.43377189402454314,0.3640538187175362,0.17733807685811692,0.6104744658571801,2.58,74.04,257153,6,0,energetic
0.2530210507364852,0.35046927533840605,0.28449652279219556,0.6181433176051984,0.11716718558029669,0.20563771191956326,0.4176664073063562,1.08,189.46,269424,0,0,sad
0.8986496755407023,0.7339900518405824,0.6550459756100666,0.19644973841410812,0.27957524062904043,0.6683629714194815,0.4819986260981673,1.48,181.05,208819,9,1,energetic
0.32630076693434723,0.3135097334885544,0.18930621655124757,0.22423307636566345,0.398286984760446,0.3316374677379412,0.335445020166875,4.89,180.31,139803,7,1,sad
0.7804609648822977,0.8081034206791344,0.7119291002012507,0.2800525908931839,0.14344434630615138,0.1319746915692942,0.4109492786143722,1.22,103.97,209855,11,0,happy
0.7322607394927714,0.8203377296993112,0.6388875842957669,0.6086424790194225,0.5862435381047549,0.1556846927374374,0.5187476846431223,1.04,141.74,276737,2,0,energetic
0.6630734954636374,0.5392758479609571,0.6195358162065406,0.5545363279956389,0.2283710784082772,0.3555472540664195,0.214356055720339,1.58,133.4,293332,6,0,calm
0.5453051566261923,0.4640939086326894,0.5065441956649037,0.730446969701801,0.09295113138833727,0.18655616783784693,0.4284998560232665,4.94,160.01,268694,3,0,calm
0.8362624691435485,0.5965833193735988,0.7982122415040764,0.3566379631260084,0.6051919859145353,0.07603311001757637,0.08466222097027046,3.11,73.43,192361,2,0,happy
0.7912446453546561,0.6650384211923767,0.737410195201641,0.45318687501035926,0.19230558916903187,0.2912596456407293,0.4869633007039258,1.6,173.44,256778,1,1,happy
0.5780883982938919,0.5913972602843258,0.17351732674271048,0.33911783868440937,0.6603310541094337,0.3568477525491688,0.60923078929495,1.05,152.58,272502,11,1,sad
0.9148052137585398,0.8724103066386069,0.7513421388387711,0.3718470374184364,0.7744470144971007,0.3023600909880938,0.05670963996020903,4.93,85.76,169576,2,0,energetic
0.7999676672046484,0.9592234112014304,0.5955171530278185,0.37345855901744857,0.11527460804180083,0.11945610720056174,0.720262435047569,2.45,96.23,231480,11,0,energetic
0.45214457332822816,0.5773490945125092,0.7432810621677577,0.2860572035531508,0.13293878266185177,0.5466449260207498,0.5235067099819428,4.78,60.86,203544,11,0,calm
0.1701064160837282,0.4119814081405338,0.38160224074596194,0.40204103875753133,0.4962589198636957,0.712255606798158,0.5125191092576526,1.67,104.65,197790,0,0,sad
0.7732533882958883,0.7478602487727422,0.3631798430931326,0.5565167123343027,0.4838617435227688,0.17601703953770584,0.33298002214262545,4.97,70.07,128288,6,0,happy
0.41436804450177317,0.18178167241948875,0.20679765551925047,0.639523093299439,0.3098568973903907,0.5650142165714471,0.5131942448535735,4.97,152.26,129082,10,1,sad
0.4840522256192839,0.27032911595239484,0.3456972770293277,0.48235253231271086,0.13461674371879362,0.2407956446564391,0.20593082721059067,1.14,113.85,228745,1,0,calm
0.981093848285352,0.7133972894733999,0.6794079085695097,0.060593888217959434,0.7901700856924752,0.1413747298477012,0.5671915431263989,2.0,83.75,189951,2,0,energetic
0.3693777191838737,0.4948600067432466,0.23537303735762732,0.4815570519448353,0.12237350038158948,0.46424735953037316,0.6266800224713455,2.33,126.35,231882,10,1,sad
0.5398564065892008,0.36958508779447047,0.8318585956386513,0.42819559318650147,0.4230404641044499,0.5963302702325476,0.07735401711379333,4.46,104.89,152099,7,1,calm
0.866314703522286,0.8184916886856499,0.7315607070956979,0.22609154234512147,0.14569713135821025,0.7450469161683908,0.32931464808988475,2.24,128.65,259093,7,0,energetic
0.513390786904495,0.3774194594505918,0.24722082037881377,0.6366607797102146,0.3919862547386534,0.32942355225156217,0.2590365863318173,3.61,148.3,213177,3,0,calm
0.7075920261248796,0.38490041543736153,0.7170023145716851,0.1448696089139131,0.052458532617037916,0.3782315070766865,0.10411223544761976,4.5,148.89,120256,10,0,happy
0.901578477336065,1.0,0.5440178952021382,0.5771283863659227,0.36761901943575237,0.5233839476554835,0.2157167184250897,4.82,121.35,249819,2,1,energetic
0.5397223351733873,0.5598064408389405,0.26129317265832575,0.5232883370303777,0.08514134106747676,0.2822431584584475,0.6295962664158603,2.59,63.7,180400,8,0,sad
0.798134621869734,0.8942499791717284,0.6345653005076034,0.3522142304715408,0.17794235248214813,0.3227978802298711,0.01803405427103477,1.65,99.74,260716,11,0,energetic
0.8198608729737411,0.7579195483260743,0.4837896718936865,0.1287367013049416,0.8307373724020731,0.37313634491523523,0.4604665720555996,3.91,155.1,204690,11,0,energetic
0.665648668918636,0.6956190869372315,0.8166662842171937,0.5133363978771556,0.34864533662844654,0.438018706489058,0.2190465390932114,1.85,185.16,147867,5,1,happy
0.7364802490015752,0.6667576764848776,0.6402277532301468,0.14568115341702292,0.3244595502377142,0.2620412549676148,0.09051536080054416,2.72,166.18,186924,2,0,energetic
0.5142884111466255,0.3928249582544298,0.6184619322774473,0.5027891588244721,0.4344262623221131,0.3660932256836262,0.3692665469351105,4.72,182.06,272343,11,0,calm
0.12326745773976022,0.5135565986116024,0.031367573079427724,0.06629382430062189,0.16193365012868613,0.14499946647205395,0.3502804969116539,1.7,131.85,196574,2,0,sad
0.883079392310331,0.8500151345808372,0.7544979621770219,0.5231506248050565,0.5962852916406937,0.34205955484301953,0.88084365536597,4.68,119.76,172813,4,0,happy
0.8059022738717283,0.6917561352772722,0.50223979262898,0.38159503175639403,0.5786849610880975,0.20447363431482707,0.6131394206755661,4.67,140.7,247148,2,0,energetic
1.0,0.4641233761148723,0.6722221608044371,0.1959798685247403,0.6328789156380118,0.3209970217706992,0.563419883211812,1.61,63.76,242018,8,0,happy
0.543155836928598,0.298520267048461,0.6076565690821971,0.7308654253616047,0.544610937852153,0.7544719044168037,0.3207002205841926,2.98,102.0,148867,6,1,calm
0.24218595538388632,0.23673585848260856,0.12070922348322446,0.2472364766638695,0.4151468196843139,0.04881031841257278,0.24358256685164797,1.53,72.82,202372,2,1,sad
0.31357301627435274,0.8367023383145384,0.4340476986622326,0.7857327844404022,0.34941795668983266,0.07300461685343296,0.4836219101170578,2.82,106.34,248271,6,1,calm
0.7969241808846024,0.9309844192900623,0.5727869522098339,0.3664660475653063,0.3336659052244413,0.22069594570098267,0.3515103618924526,1.07,123.83,250501,10,0,energetic
0.8967371498090644,0.530676131492243,0.619646932278465,0.38857430102725393,0.3150284438363736,0.47385398810357343,0.48840991579450455,1.76,173.01,238348,4,1,energetic
0.5589228284886637,0.5068734674026482,0.17471330020898074,0.12931380561291556,0.13635752176821206,0.12926678320813448,0.3829057131149936,2.64,162.15,167045,8,1,calm
0.4128899913416339,0.26234149632077053,0.18166776969966686,0.03285085209948722,0.6391431432642846,0.4074829837618775,0.3541433269822886,1.92,78.62,274269,4,1,sad
0.6706003120749876,0.7398145564096849,1.0,0.6430965513776541,0.61196197748561,0.3458645352107573,0.589985748914614,4.51,149.95,200983,1,1,happy
1.0,0.8163657173258239,0.7110020292135437,0.3765511267046085,0.493205452513615,0.8167758429938142,0.22815128711650182,4.48,123.07,217635,0,1,energetic
0.8219354308433936,0.43789552769935236,0.6635946024933775,0.6797698426005789,0.22197561725029974,0.5689541818168862,0.7160883472522416,2.49,113.68,294066,0,0,happy
0.606014770520266,0.49326604548161945,0.527375154589882,0.15666182300795847,0.5120122933875193,0.78084636642434,0.5344223848900287,1.79,93.25,173981,11,1,calm
0.47476062585329826,0.47067011580757595,0.602495031134511,0.3778711526654128,0.3424110223048876,0.6208435376943129,0.25093778961506774,2.34,132.04,129697,4,1,calm
0.6903085820774821,0.7721087247426863,0.408242540549891,0.4271748847499686,0.11478890221512189,0.3569718806267848,0.33401549873986974,4.15,185.84,168026,6,1,energetic
0.7965863000943235,0.8942789871837526,0.7074704186354248,0.517097901402621,0.6955508115363802,0.3960315486642497,0.7887562995877606,3.46,71.42,135801,9,1,energetic
0.9028463448419155,0.9032594236484585,0.2751522522296119,0.5807571678772393,0.4946834534366685,0.14772617963845602,0.3247987367241271,1.49,198.09,176739,11,0,energetic
0.8799974562510177,0.6966537191631352,0.8515331865559904,0.6572937908864195,0.6019686864156362,0.7636380179810327,0.44540975216733086,3.44,173.02,189097,7,0,happy
0.398386830094952,0.5547886887882117,0.3168679202436843,0.25253973385917433,0.67470729773012,0.23174718868587837,0.45489760961612485,1.03,169.6,291369,8,0,calm
0.9828919089267228,0.985401122543511,0.38167954637654417,0.39643894178454353,0.21871231253717516,0.15627785027632676,0.5457852472950322,1.0,96.03,225762,11,1,energetic
0.6008359307341358,0.5151553040976588,0.7026393592650205,0.5465031451196646,0.5119404942822531,0.3216523174901352,0.5083010855158501,3.31,190.62,224860,3,1,calm
0.8360123914000471,0.9316211083044937,0.8903493962714062,0.31934750242486654,0.34637833866056195,0.3363868181046831,0.061671199396423654,2.74,156.84,265994,1,0,energetic
0.8974505871414801,0.8674261789294715,0.7087555436226843,0.10388847467150295,0.16412939701271817,0.6670799074326427,0.4534002175289321,4.41,188.01,167751,5,0,energetic
0.4731822893183022,0.5001837292953973,0.5343279550904969,0.261451519826789,0.35341597609233716,0.21795737507766647,0.35221090227630464,1.33,168.11,208262,4,0,calm
0.9202189641333218,0.9779254221290139,0.45069589329841975,0.44885475621168686,0.2883783935073863,0.4189975158055151,0.059183274060745826,1.04,98.7,145627,7,1,energetic
0.5810047407625083,0.7346820827535845,0.1711760639681409,0.23656492316658445,0.28041459979702554,0.421890761986385,0.3393623028108245,2.96,174.43,173938,2,0,calm
0.8117588629887202,0.7227111094108027,0.7131572363976616,0.14125131347047287,0.41384967380011667,0.6450145948453457,0.20267806295200752,1.67,64.26,179066,0,1,happy
0.8379640773798605,0.8618782075391835,0.7127570235853745,0.4615095497794896,0.6676660053098098,0.4245168852262366,0.1392233970296952,1.31,78.4,166953,9,0,energetic
0.9426039531975058,0.7065926866344912,0.8102217015265626,0.1854598900082091,0.16007644545220082,0.29469440810248015,0.6082126573303552,2.33,138.91,250764,6,0,energetic
0.4015222414150983,0.5950853053169674,0.5217079696996682,0.20367789684899998,0.33691538546637567,0.5788783649184404,0.20066795323499936,1.53,92.45,197328,10,1,calm
0.5503861686107504,0.02618189478987526,0.3177326806948136,0.44218759974805144,0.4920900020309556,0.20147761468810865,0.16765899573069046,4.8,130.7,204937,5,1,sad
0.763832496953637,0.8930700253873103,0.7273193629468337,0.46268312611275,0.5377660424252345,0.3928659152634653,0.3862797447824761,2.02,106.38,210076,9,1,energetic
0.7839536448182955,0.7790964540099344,0.8078544345804894,0.22055407531173946,0.5635993467949701,0.43790255607427897,0.294586635774505,3.28,133.79,126876,4,0,happy
0.5457437949370436,0.5029432812597721,0.4860575151908132,0.22201573688192316,0.050112175580233266,0.1315307079652785,0.45683699228663166,4.27,136.67,279411,2,0,sad
0.716992691455031,0.49660962287834,0.7658222676914405,0.13198937142482778,0.24789462072332952,0.6689642876089428,0.42349570572467404,1.64,96.14,249640,1,0,happy
0.5252448554953664,0.20953253672147076,0.516002285776743,0.5576481905404413,0.7340134803111662,0.5722309490377591,0.5789088938136457,2.65,72.47,140425,2,0,calm
0.42015078339927003,0.45020266647386237,0.4477909771538884,0.7989356943257561,0.5902159262729356,0.35212918533753756,0.89772786630218,4.06,125.87,158295,3,1,sad
0.8790593989424146,0.6383064114010278,0.9476035316844635,0.3657700394092236,0.311197798511506,0.2897156311522529,0.24768048889420505,3.75,177.17,276036,5,0,happy
0.5848456456470064,0.6336444445628482,0.6764521938445229,0.7266184411796865,0.14008467195801705,0.43430809044355073,0.7859945411175289,1.72,137.25,192495,0,1,calm
0.8527466014717976,0.7210634281100128,0.8442852070771003,0.2344995007286064,0.039933037628847916,0.13982276469365468,0.3802665741593099,2.54,87.29,212200,1,0,energetic
0.9356897794157933,0.7493059754201565,0.7056295771419506,0.2631686257213151,0.35341993607864824,0.36695358357963753,0.5490521864498363,2.67,117.34,162928,5,0,energetic
0.5247064325133501,0.950397872736753,0.3536084384382232,0.17360114444211908,0.5966550614081846,0.33636533676288427,0.1385186896237944,3.75,79.01,140896,3,0,calm
0.9182800081691105,0.7906958326824333,0.593046102810065,0.2788202805934669,0.42910951149524157,0.49918552793376025,0.3493889169705141,3.43,102.47,234942,9,0,happy
0.838709065780436,0.41899389563942463,0.7243262270815711,0.40250877565310844,0.5641546809706829,0.07729339897180876,0.5437418810286397,3.28,121.93,220155,6,1,happy
0.8279605151044526,0.6849518839312398,0.6551911944368132,0.14857797354395894,0.12129789473628597,0.41997351975502456,0.21368239217078416,4.61,131.61,263630,7,1,happy
0.2613070129804327,0.42561827419847764,0.6645950281315562,0.1160424005159813,0.7622445892646385,0.6213986096582351,0.716398531841466,1.35,102.45,293980,6,1,calm
0.3333301012856513,0.3586258453144106,0.33692703507574684,0.2601229866463964,0.403022954434843,0.6454868749068678,0.4705190557882028,1.38,123.49,227471,6,0,sad
0.8862237197145745,0.6362675995193188,0.6388441845654665,0.18545812613424742,0.15035130823983112,0.18335482009162,0.6221391661352922,1.25,104.79,145627,4,1,energetic
0.28564902452896623,0.5613000275053351,0.11957608092835031,0.5457627907013354,0.4562002930774171,0.7528033124914802,0.6614740255039376,4.87,183.27,201647,9,0,sad
1.0,0.812461404936573,0.5296470262286493,0.40955670655870596,0.36190571689844353,0.6832280775518011,0.32758239895380364,2.57,95.66,153099,5,1,energetic
0.8169194095151268,0.9539828349849103,0.5522185182068857,0.44078964270479054,0.25293594566922745,0.19718247137792025,0.5348111809244972,3.82,163.8,279638,4,0,energetic
0.46266137566318816,0.46229672158605006,0.513225492784964,0.6973857760253767,0.2880633912094058,0.9292316748135196,0.38203507602556913,4.98,143.38,261456,8,1,sad
0.4250841474409691,0.5414931937274869,0.6121859661085148,0.48085981449772036,0.1438905243635726,0.34651754816011215,0.3846586426623322,1.46,190.68,218731,6,0,calm
1.0,0.9048248947735953,0.6735791539022769,0.2511478552628381,0.4061659216507703,0.48249524241425074,0.7087493641965878,2.96,94.79,165590,9,0,energetic
0.40467001312723366,0.32724515566374296,0.34022690374290987,0.7480017273943199,0.5672160210653918,0.11101706861447157,0.5223525905721941,3.78,162.29,179274,2,0,sad
0.4838385739291839,0.5814064896868064,0.5814687223550004,0.6613490519238545,0.4079160046439001,0.5594683882032743,0.6771346000470552,4.14,184.82,221327,3,0,calm
0.5567307866638953,0.45146636244276384,0.1826856472091297,0.20360690196316666,0.0968580640836068,0.30637729990485707,0.656000300447545,4.79,83.29,258777,0,1,sad
0.9303336866203391,0.7165482044667532,0.8113836557781162,0.4858541032642841,0.358844965143416,0.6716334572946427,0.5581244272124041,2.92,116.34,147262,9,0,happy
0.5166550257603408,0.6096686242397035,0.48000935278235246,0.2984029974858297,0.42273701515693257,0.7483165757932396,0.24261623912562275,3.13,143.74,247861,10,1,calm
0.9372168681472095,0.8118753277542385,0.6484883350618048,0.5504781951693022,0.43257864211085556,0.2140784785247651,0.6637660988574414,2.07,161.48,277976,9,1,energetic
0.9844741111123417,1.0,0.7072233331329263,0.7096247941272412,0.6943944204626312,0.38269002225124193,0.2578155624012742,2.68,114.18,183303,5,0,energetic
0.5234629386680019,0.4199846984570775,0.710640033243816,0.25015655652310564,0.1324809929315053,0.3756982619118367,0.42272294295635393,2.13,131.18,147128,2,1,calm
0.4041917339174255,0.5091238430090461,0.5113460308264623,0.19494403052893156,0.16051392383068774,0.9298791058139135,0.8782307860481987,3.22,181.86,206606,4,1,sad
0.6655885529636814,0.45951092997760756,0.8371267874864307,0.7471128935929395,0.8540701315899591,0.535801507982711,0.25767540730375044,3.33,121.13,224415,2,1,happy
0.8440131625499743,0.9014347707150104,0.7931673977252166,0.5236441660839924,0.23579013984551195,0.1787034261773539,0.22453150032002173,2.34,84.19,288172,2,0,energetic
0.8502969309334092,0.7570263742867362,0.7544493555149031,0.14197464954716982,0.05768559235658724,0.4308344743840245,0.3128406405513063,3.13,75.99,218869,9,1,energetic
0.8704015402666775,0.9660985880565275,0.7545795314699574,0.09375596481676052,0.19990890114072288,0.48874016424765865,0.48551532418223975,2.83,198.98,153442,8,1,happy
0.5374645166914045,0.473393336025589,0.4687836898927017,0.10263714858825229,0.6473377054834067,0.6261940789503349,0.7894972122004624,4.85,66.43,238733,11,1,calm
0.769340639354369,0.6967887511061586,0.8125744048788602,0.5894043837635371,0.7802589735055768,0.16290120117963353,0.20367517560857115,1.29,66.36,146926,1,0,energetic
0.7051503470923898,0.5937430547096235,0.537699689068774,0.5359401972003409,0.40370599302408783,0.392995049683931,0.5670612905608055,4.63,133.35,229437,2,1,calm
0.7780865278768702,1.0,0.6585071013477218,0.25037698073316383,0.33470835013958794,0.5920697764267864,0.022969747681493468,4.59,95.22,267738,4,1,energetic
0.9758759858576039,0.8223723777761196,0.7259627334396598,0.7232632894464516,0.6570613157245471,0.3745599163885287,0.4698527735695176,3.51,108.81,123788,0,0,energetic
0.2930895708834037,0.37733043272161154,0.47401496888603606,0.2707788578167971,0.30909159550421955,0.544799270337762,0.02159141335480251,3.78,110.06,189346,3,1,sad
0.8047622756290794,0.7049840696445466,0.5974169780510687,0.5616996048271956,0.6510431336499427,0.7150389780368488,0.12365604650463563,3.96,95.01,170926,7,0,energetic
0.5486747135799774,0.18252151517786414,0.1340537728157487,0.4269215350753655,0.6205926188674451,0.04818205331160003,0.6666393283657868,2.92,149.93,131673,9,0,sad
0.6352375453564756,0.5621320915605207,0.3947318635043773,0.19787523910136204,0.4774751634200298,0.5793182404702225,0.13279861586536423,3.57,107.22,209261,9,0,calm
0.8216740087864975,0.4945335266111326,0.8853886782836301,0.35114923265958875,0.2468042951387897,0.7444776747774896,0.4067405402369789,1.16,187.18,148889,5,0,happy
1.0,0.9406222924574394,0.6114934943083954,0.4280049211246363,0.39671105652762106,0.3043417380727143,0.2889158449395333,3.4,188.24,211540,7,1,energetic
0.7640016074916556,0.6578766868542655,0.9301867408773318,0.46441542731324553,0.5503880267484474,0.14159793581809121,0.2882356046176732,4.21,189.1,184658,3,0,happy
0.44483821014612596,0.5962843795931697,0.33049823908924747,0.4971682045619556,0.2589614052016623,0.47951667940005477,0.07409478728513433,1.51,108.5,181033,5,0,sad
0.46443359973799536,0.4781050743858266,0.4885387177655785,0.22041541118664737,0.296835996045081,0.740559001953496,0.23832848275274435,1.63,66.83,194129,5,0,calm
0.8752638534479238,0.6347871569112554,0.7247842195595883,0.1895273163085531,0.3552618369964142,0.21906250578559822,0.47943899362021686,2.05,66.26,168241,1,0,happy
0.7524868916839311,0.704226246936835,0.6040423284018227,0.6764732409313332,0.4078987290063139,0.629412977836811,0.1634615897736606,4.21,173.38,141604,3,0,happy
0.41733616099570336,0.5105185561665491,0.2892911145662043,0.4401495667782894,0.5626338504904805,0.15562583746088532,0.140146118439179,2.61,130.67,255028,0,1,sad
0.5743646369492683,0.7012161546069997,0.7717077279123596,0.6442130852455418,0.2441954667444542,0.833757147431662,0.7773025347142798,3.2,134.65,207868,11,1,happy
0.9988495969978461,1.0,0.9508399623791,0.5362997595164706,0.4950389473357845,0.5916242768782889,0.5375907221796036,1.09,180.3,169344,11,1,energetic
0.9463995131207051,0.6958506413022834,0.8917155255934439,0.876621141858796,0.2921034842302482,0.44670301571390714,0.7647838075965727,3.72,118.98,124603,9,1,energetic
0.9132881052402313,0.6409274728715616,1.0,0.3205154886217963,0.17063539248935589,0.19799712136432487,0.6038903386471485,2.93,120.86,221861,1,1,happy
0.5842248234759784,0.5907463768294514,0.44825940114027235,0.34027818749094296,0.4604971425051337,0.567463298862084,0.769065373309219,3.34,167.0,298767,2,0,calm
0.3505507398117852,0.40564675976457243,0.27957962266995395,0.7565958127153839,0.5068169218514808,0.6197216577407082,0.10457297076151624,4.86,130.51,169661,11,0,sad
0.4554242540203151,0.5552925165414966,0.2205170099392278,0.1584432335612241,0.16438098816598726,0.19074451347077967,0.3362060186944322,1.74,74.9,294463,4,0,calm
0.9431657155610693,0.9505858368751466,0.7962705177763758,0.5089890747778008,0.462975514572537,0.5899266182280132,0.4681901747406617,3.02,174.45,218400,8,0,energetic
0.3717380218475792,0.3884559813887772,0.5055417596047673,0.3167420672926364,0.32199158975338765,0.25119525989931857,0.8301673980432541,3.34,162.7,285217,4,1,calm
0.9373021213731206,0.909609100527927,0.634267459542676,0.5848575000297511,0.20013097305332062,0.1941245328234561,0.2830171314694774,1.16,114.71,262352,11,1,energetic
0.5321311714652524,0.42900291693974724,0.20233456544788944,0.6182054285907603,0.19805139252612247,0.6118052091472496,0.2847245617524256,4.16,92.72,235056,5,1,sad
0.47369761334682375,0.2264307679309082,0.3669756512988571,0.7228307569067933,0.19533911453560543,0.4510023535058004,0.28048937690005427,3.77,84.19,219087,4,0,sad
0.9297230353511788,0.5811598021054429,0.7271827799029736,0.2882048741354151,0.26969844557497413,0.2524977232656572,0.22294202407165245,4.94,67.96,249209,5,1,happy
0.415356337631536,0.6962734883469273,0.37377430764349195,0.3519073429496243,0.6320645393564391,0.47248114574506417,0.8428574867242796,2.38,156.85,287919,10,1,sad
0.7486587528528296,0.7936695800244227,0.8940453997477723,0.7730297383877585,0.37290951142895773,0.2041303567635051,0.38800369831677406,4.21,123.38,151131,10,0,happy
0.5461669302801354,0.4382099481101487,0.42973078369879847,0.806405084512301,0.5025660081195397,0.40782390887661973,0.618201156063041,4.1,116.85,172589,1,1,calm
0.7838216156087636,0.8575291654884349,0.654871037928876,0.2633722037349715,0.5348053554409689,0.5058876824079321,0.3767269045699018,3.3,115.01,125157,9,1,energetic
0.8338970970843915,0.6951266625422465,1.0,0.366264697116076,0.7558907659766962,0.4430043317291864,0.03475654694807929,4.55,72.12,186311,6,1,happy
0.7244581499796707,0.972046609202493,0.494813771194096,0.25075146298921713,0.11924993727685494,0.5245174104709438,0.40907585476939695,2.35,115.67,245263,3,0,energetic
0.34147094686836305,0.35132872637553625,0.1752781990647764,0.31754266252317337,0.3710000512808705,0.4696321517616511,0.5884047288946057,2.54,62.44,188902,0,1,sad
0.8558062261127729,0.9423566626799273,0.5625560429493159,0.5175787667263083,0.5831344913674986,0.36736220886598986,0.6335528831709113,4.3,162.03,161240,6,1,energetic
0.7994669426673876,0.6879075542108778,0.8388261062190372,0.3937849731894091,0.6083428581472026,0.49208449705223156,0.41027533698037644,2.32,69.87,171038,2,1,happy
0.2792359696595257,0.5033498784043856,0.46868899420847376,0.7526252307441083,0.5300770854948533,0.4091259233167834,0.23066772902527236,1.37,146.68,149467,11,1,sad
0.32592095913709973,0.552974644232184,0.3507226102379091,0.34911467827523796,0.2528186210754641,0.114730217917808,0.5928996654673961,2.0,92.09,164974,10,1,calm
0.46960424110964866,0.5478431370004896,0.4948097909119863,0.28722682236824454,0.14562479401281497,0.27772643593840957,0.45771068198876264,4.63,174.04,221465,5,1,sad
0.7069350435442264,0.5632929084270373,0.8546144431604505,0.36789927680188944,0.20368503754515135,0.6287630568054277,0.18761915746238556,3.56,122.98,223142,5,0,happy
0.25452427796785326,0.255097394167853,0.30825578028343853,0.21552618179111604,0.2073586512925791,0.5823136092702924,0.6148077182632747,2.53,92.57,138477,1,0,sad
0.9010051572234199,0.8981176583075783,0.5991953385029384,0.121953931043105,0.21544191739343635,0.3116724472946461,0.5545937759936069,1.68,106.78,194518,7,1,energetic
0.7902545052319284,0.5011548434815901,0.8510364064884328,0.8444795690706649,0.7120435875002399,0.43784823689098146,0.38329391718418954,3.09,76.97,242332,5,1,happy
0.964016963612305,0.9960844129610287,0.6494647355911061,0.22812287046599386,0.23751375471402483,0.10003702144049981,0.5798320154980001,4.55,177.3,278900,6,1,energetic
0.4861980881895245,0.39772078348047263,0.5721106800168039,0.7167231103340098,0.04275253269063666,0.2672431179746041,0.19579194470546388,1.64,145.99,242301,4,0,sad
0.5281293776408907,0.5539284740420484,0.13643790225830338,0.6098578280252063,0.2963147645122674,0.47594234036874394,0.5298118810367163,2.59,102.35,163264,6,1,calm
0.8387466792763422,1.0,0.9704974559563319,0.47982544679936795,0.416085404583068,0.5615293582978337,0.4953769286238135,2.52,66.25,180322,9,0,happy
0.8044206174880453,1.0,0.8278603367967797,0.3430317948321602,0.37791487879103836,0.5745736715083491,0.5346165564102031,4.63,144.51,163507,5,1,happy
0.5439300036738925,0.549020689406013,0.5178058385181918,0.5048995090477861,0.36651189628709074,0.4558160048350295,0.08319546570319679,4.77,116.31,280984,9,0,calm
0.5328071564650732,0.355746913986811,0.4664738372754412,0.7010093284982617,0.23597276848180251,0.7985822775515213,0.11589414086168726,3.92,118.58,254560,7,1,calm
0.933463194309033,0.9301896618890048,0.8326507468154842,0.43587445871710123,0.47943557930443287,0.36881619730537984,0.2851439693886007,1.19,127.41,180084,5,1,energetic
0.36685837350760797,0.4949621892849216,0.6946660720686753,0.08249034927954864,0.3740196933480383,0.19226682056779446,0.03050134363077977,3.3,72.94,236801,5,0,calm
0.7925567871412499,0.6462714006311241,0.6378344206169292,0.7239676525804811,0.6123480081931483,0.46477778420859883,0.14427308657132087,2.07,172.71,277887,8,0,energetic
0.5771540501082901,0.5227927816915453,0.47419639294778915,0.533028526065455,0.3052003714697537,0.8392179377624623,0.5770729790805786,4.4,66.71,263976,4,1,calm
0.3227068236907772,0.5043497246770864,0.49526392060147495,0.21379882825943236,0.1219600763308286,0.30760131794193346,0.3106226724779931,1.92,81.82,161455,1,1,calm
0.8272154414006405,1.0,0.6678560953448771,0.36473077794818604,0.3552657621985441,0.5460985844248933,0.5563856486253518,4.77,180.47,206863,7,0,energetic
0.39177499133466764,0.16486744424634414,0.0,0.3052640957778657,0.2578896167013478,0.712016809631107,0.29888924094381275,4.87,107.79,245128,7,1,sad
0.5220045558783362,0.10808304715249134,0.0,0.29614953267254046,0.6433869158617003,0.42791391172064763,0.2919026597464242,4.13,124.06,177854,9,1,sad
0.8743318339921646,0.9528132900353579,0.9761433614464822,0.3838485684697773,0.42287704484533595,0.5554790610635052,0.19310496420772807,1.0,82.76,278871,6,1,happy
0.3396248839201122,0.48947280647857494,0.13731864665510285,0.33420472506992116,0.6886997406059868,0.4816430587841604,0.7405802409716311,3.83,115.76,131776,6,0,sad
0.5020680510749801,0.5475183478408443,0.43991765745898104,0.17297966746096932,0.8213047822589309,0.4527725489014449,0.6666323181399263,1.45,190.42,244118,11,1,calm
0.3113860066985903,0.28662557264715316,0.29972778660193417,0.5277489014194058,0.6252155659899965,0.3007186010682066,0.5584360796441238,3.56,162.15,129402,4,1,sad
0.7077407368740505,0.5414412042506312,0.8282072849515132,0.17231443854244533,0.3097925043486349,0.6893802217086279,0.4173919006369023,4.51,63.05,171876,4,1,happy
0.602779958220411,0.38015754562446485,0.5321104357235451,0.08741033181171003,0.19716626926355815,0.623109964543413,0.4654761096508427,2.41,140.19,276233,4,0,calm
0.8951004031359456,1.0,0.4498258728374369,0.08684796424872669,0.6953312415307069,0.11005362311538527,0.2675410290648741,4.23,152.14,180141,4,1,energetic
0.7103662297644525,0.5063440637725118,0.8492854774515979,0.3457639819994765,0.18768349178923735,0.861554120953206,0.5859787585192925,4.9,100.08,196285,11,0,happy
0.3220369325668858,0.5476125479130933,0.3458839789337138,0.4770080870001059,0.6342927404394563,0.4029559863881454,0.09029188509581906,2.17,103.49,288489,3,0,sad
0.8320800521567633,0.7592988863952375,0.6217147937969244,0.7061023971139617,0.07489181127141135,0.5020199496437622,0.7751539362373887,3.84,61.5,199057,3,1,energetic
0.7105368578039947,0.9714163482196487,1.0,0.44494288344434796,0.4900907516808667,0.4142480872106513,0.2536363279880615,2.25,68.29,166398,0,1,happy
0.42602288360270324,0.2998084089634651,0.44214910535332275,0.27570196692013804,0.3129084622840911,0.6153243005186282,0.2603627750099846,2.4,71.66,250420,5,0,calm
0.9308972399514831,1.0,0.6639945525999015,0.2914102785451693,0.20853376487600253,0.48147756070763786,0.7280201209125071,1.9,135.22,289968,6,1,energetic
0.4384129149415952,0.2540581213200823,0.28329935038786597,0.15945749758882632,0.3078834330176879,0.17457692504668482,0.8738172156653565,3.41,146.25,214841,7,0,sad
0.6991501848597255,0.8730099681289509,0.8067611745665084,0.4440106578592274,0.6868452361050119,0.6831372397214929,0.27453849765904326,3.97,80.74,188189,10,1,energetic
0.6116188064433848,0.51181665917995,0.658088136710968,0.21678256395050477,0.31670992595465675,0.4016203737768159,0.5187525042282415,3.94,98.51,235039,2,0,calm
0.9827790444195658,0.8034485534493299,0.6755408164675192,0.5582645062921195,0.3289886145872639,0.5449636533535498,0.6103320591651502,4.78,77.61,127374,5,0,energetic
0.3108066938966775,0.459463963267645,0.36743917133223986,0.14737758627966233,0.1613278167658716,0.21658059899803273,0.3768338112648869,3.2,119.88,169605,4,0,sad
0.9552489954417148,0.9371246695255817,1.0,0.5411541028453658,0.5532817044236733,0.3797895463753928,0.4766818073724457,2.7,81.42,162342,11,1,energetic
0.4313363151141769,0.4976789659820771,0.30658245555164143,0.64141042457016,0.5715847056694304,0.282554552486992,0.3413905982102708,3.87,66.35,220316,6,0,sad
0.556851892641427,0.6137153457962512,0.5678664855535709,0.9254067652005021,0.6469355146768975,0.8433633222907289,0.6170816261269715,4.99,129.75,256233,2,0,calm
1.0,1.0,0.7546047755314682,0.12337760647179942,0.4419977048725701,0.7617566040329122,0.6376963112444668,3.73,117.77,243942,1,1,energetic
0.40384204320109585,0.7876075037710539,0.9189983523338696,0.2955880409802977,0.15951335541392966,0.3894450373267497,0.4568358710761381,2.81,155.13,222592,11,1,happy
0.6362854699120787,0.5905556232683942,0.5161622201939101,0.5130588302698941,0.2669986721716186,0.46717937026852635,0.3907190236156982,3.13,173.26,260531,4,1,calm
0.5963552833543816,0.4502740849802677,0.24557165589395893,0.16303222653485389,0.18489888843342386,0.5104004806012042,0.49988235660197616,2.33,142.97,209091,2,0,sad
0.6322025668571236,0.4427924739165446,0.24673991264968415,0.5408591722607823,0.4620480984162205,0.6034424286056649,0.12524233362510487,2.17,163.36,132045,0,0,calm
0.9877101002525959,0.9505786057486759,0.5346711529213861,0.9127434810077605,0.316953930877899,0.22267848784398078,0.3019230063409237,1.05,144.57,259024,7,1,energetic
0.3374747916706029,0.45275519473539005,0.48947043989747185,0.27913383174166667,0.8342533069216744,0.5200975221312503,0.25881717901678347,1.36,87.61,262957,9,0,calm
0.8417546932534098,0.9344070786741838,0.8068882984745248,0.6436270181308202,0.16355763964440112,0.11193336485896534,0.5248310224353248,2.27,197.77,146431,4,1,energetic
0.7411249650271974,0.9283649335150277,0.6147782642116878,0.19400390781839202,0.6328799287405235,0.12845050669765065,0.5141739555795611,3.29,91.08,196554,5,0,energetic
0.26670022638192975,0.6052892204803775,0.32604608873256,0.25082551800081093,0.7904884164021706,0.2760411267289064,0.4559319076701138,1.69,136.38,180270,0,0,sad
0.9113866893729792,0.6640825750560754,0.6942742742338867,0.34747758794398664,0.3326859273000495,0.34847736751591624,0.28627720662827166,3.41,148.84,227956,4,0,energetic
1.0,1.0,0.7231505030596616,0.558827588141305,0.4720153428944887,0.1613686167897274,0.7072158814166535,3.6,191.08,131521,1,0,energetic
0.6253534057779551,0.45529037009907386,0.5568560009215516,0.5383277822239757,0.5209437294845525,0.40114530945414123,0.1797358796297722,2.95,151.68,217851,6,1,calm
0.7112899512339789,0.5645513152972459,0.7200123181521071,0.23230581942584072,0.4677205070966493,0.4551982705787311,0.31546054952883706,1.73,98.59,265672,5,0,happy
0.37881104688017575,0.2379443297429291,0.2187380617484266,0.35793081624974993,0.28740673029324054,0.36903131353542573,0.0542391630995477,3.74,155.93,124857,2,0,sad
0.8189968481370442,1.0,0.8101082807504904,0.4312022197498988,0.6734595581749974,0.2979149601580209,0.7769958387388378,3.53,73.95,286569,2,1,energetic
0.72276302156857,0.5111902526105483,0.6486262565975556,0.33607816539667074,0.39266841687651927,0.13702524543433012,0.6708764912334593,3.95,172.87,271872,10,0,happy
0.37974879590291194,0.47228199368779106,0.23160920771767424,0.18608764788634213,0.176679641772604,0.3284881363912021,0.3174770181721467,1.12,147.87,191118,9,1,calm
0.4130439558655502,0.24558999405143875,0.27137721393713293,0.15928327084484706,0.4136719851061983,0.7021683712299264,0.20752212505915382,3.81,98.54,161916,11,0,sad
0.8982253307581607,0.769348100532943,0.9924993370625976,0.3709513671732584,0.7510460107627676,0.41290147353640977,0.22006887366200548,4.55,179.66,272114,4,1,energetic
0.36364641362719674,0.41752219578408817,0.5916620646340934,0.40551397591438076,0.09087861660397205,0.590447097707331,0.5884547096591263,2.32,85.64,146333,10,1,calm
0.9419862961343038,0.7432293923130152,0.878810724308297,0.26998290324029844,0.07874589300615786,0.16780573486569764,0.11295005378145523,4.4,147.51,261440,7,0,happy
0.9367287313401341,1.0,0.6664801026442222,0.669057045145166,0.21561967399063114,0.18562806836443133,0.4346989649236756,3.33,199.36,274025,4,0,energetic
0.33344660551845234,0.48577809262238403,0.4128777907074026,0.5619455758223524,0.45374543739020945,0.33502705493059154,0.16053784328725426,1.19,188.27,203916,9,1,sad
0.6835949367594175,0.6463014348379996,0.671057972918232,0.1684839555621184,0.2727514043541082,0.3068864293088986,0.6028315579267944,1.35,153.55,281246,0,1,happy
0.9727833114165867,0.807139595946756,0.7534239745584069,0.313147531258297,0.3718251835544005,0.34240107725861385,0.5137284112778937,4.35,154.6,252338,1,0,energetic
0.48896168193539646,0.5073002064744129,0.28935253749557455,0.591351116511527,0.3001393893906847,0.6731607011609775,0.40972966947961703,2.42,120.76,166913,7,1,calm
0.4715261533700405,0.4821710957905352,0.09197337921964183,0.5546200276508888,0.48020223560602715,0.40502309373327605,0.16612952648606763,2.49,173.24,295202,9,1,sad
0.8804659003541407,1.0,0.7672980357177412,0.4950919772667467,0.47247413372400776,0.5262326663207896,0.6963075023285058,1.74,86.89,137944,0,0,energetic
0.3390172153240473,0.48753679952757445,0.3195385983865308,0.27475254045554637,0.38041529384079353,0.2717066759277653,0.21724147663553472,1.76,174.48,238821,10,1,calm
0.3519785565867601,0.4403276179601488,0.3314023286002033,0.4543544217499058,0.1701788836002107,0.6936423559414999,0.3052008345239872,4.72,119.97,179650,1,1,sad
0.5919791324050006,0.33563121513996347,0.3868941129585852,0.10108905680604544,0.2235988663464157,0.6583885545562954,0.5805714820779997,4.06,112.5,221800,0,0,calm
0.9760789355976411,1.0,0.7244651939206197,0.664952299435474,0.5282258778411543,0.3537267854523813,0.3201170393519439,2.38,197.36,260720,5,0,energetic
0.34471040663062874,0.42305110308462823,0.29347058002430004,0.6004847929549807,0.5533443618844354,0.2929327561478531,0.26713266199434826,3.49,168.9,210064,8,1,sad
0.5509494861655528,0.7013385174290271,0.4006642882001565,0.3194224133636298,0.11976568043596028,0.31886302425525714,0.1282499498561096,3.82,188.78,223746,6,0,calm
0.6299469549194361,0.5435687404095917,0.7778160527319118,0.05286035028273805,0.32647602253061836,0.5851197384177563,0.06389706944270114,4.23,96.13,254215,3,1,calm
0.17938452615050082,0.5944792707626353,0.3108141549980547,0.27140618331871946,0.46750990865031933,0.0880103743385208,0.6304868138452219,4.38,100.24,206667,10,0,sad
1.0,0.985354221897219,0.8194014955008786,0.5405219838239179,0.3492552893797627,0.43040886796405026,0.4393450583645366,2.06,174.59,265933,3,0,energetic
0.45577113220355625,0.4092536364941832,0.3853728752489801,0.7471677949329781,0.4674486803776563,0.2204298871937468,0.5149275362763946,2.69,82.56,166340,8,1,calm
0.8883228049472903,0.9567361359443516,0.9170449156747412,0.13896934527542426,0.6323017618425895,0.24317265045299175,0.5630595448892483,3.04,146.8,225946,6,1,happy
0.47828775151717695,0.6108253561044538,0.3660671568958438,0.424976481232424,0.23899265165778155,0.21714292953639386,0.36945336291465675,2.26,133.25,140258,9,0,sad
0.22596971380902597,0.11300669782206724,0.25169199119824426,0.19005669721396706,0.2612335140772776,0.2647241699567175,0.590683813581367,1.36,193.68,174979,9,1,sad
0.9455150189279306,0.8672387234347592,0.48463799057327256,0.6324529391897142,0.8640172471283936,0.5492013243024114,0.44946474607082637,3.58,83.8,122565,9,1,energetic
0.5985192091781105,0.6474765209398512,0.2652837485106869,0.6689599230748535,0.5373457120645645,0.6758922016793085,0.11892599516822237,1.16,150.71,138892,3,1,calm
0.5548114747388523,0.5027498579523676,0.03699413185078454,0.7140230530376342,0.27821361779493164,0.2503069013562975,0.527100867521074,3.87,73.77,216586,1,1,sad
0.7530662002657473,0.8693814089278008,0.8829391220951115,0.45593649025625416,0.5001822489966469,0.546357738887647,0.4609710264630851,1.09,173.69,298189,8,0,happy
0.42153246124294996,0.6066567956596045,0.6486437280553492,0.563026865279946,0.23778431218964444,0.22930080750450174,0.3513934858384746,2.68,120.46,129707,2,1,calm
0.4461184721894177,0.5330283971307699,0.6548584097189595,0.8003849718071072,0.5793298021703978,0.4959252302827434,0.3589375085974199,3.28,91.02,256192,3,0,calm
0.3736488621041629,0.32836082752896023,0.3894152755214408,0.3018993210488015,0.3296406889190617,0.5725922212606775,0.4096881218799745,1.23,183.05,137119,7,1,sad
0.6980733198285143,0.39882973409623845,0.6932596035148375,0.5816812147609683,0.06133242044228474,0.2964564770596336,0.578343352505157,3.74,180.5,194822,2,0,calm
0.3404947293709102,0.40646256133031805,0.20282273211741664,0.42537815597070167,0.17805251812932948,0.46551447300368254,0.6998485258614446,2.13,198.36,291098,3,0,sad
0.6374635165978689,0.6346613223435446,0.8817436846834781,0.6673108065470453,0.32706312230784573,0.5313617841301064,0.2024641058600153,4.55,130.25,229265,3,0,happy
0.5047851131465158,0.4133371488719618,0.4637836971231164,0.18439224003581342,0.37194912469570784,0.37198204785558153,0.06656472581396748,2.13,175.11,255512,10,1,sad
0.8802591364418165,0.7174394016121259,0.8291239393542496,0.36139852715718146,0.5598170436417095,0.2876429796630008,0.5581988950594624,3.02,190.03,157478,5,1,happy
0.7421078277375085,0.5373472295838704,0.8918494584862293,0.5232583666817511,0.6474722769978647,0.4702666536664738,0.2641250540642334,4.53,72.8,217724,9,1,happy
0.3104001193185498,0.2603678208709894,0.3529811091761765,0.26994940873339246,0.24993000452832292,0.6699624539351643,0.053313393547983375,3.15,179.58,128909,7,0,sad
0.7003581827938683,0.8590571823593256,0.9301589287240656,0.5709405680006434,0.12510013848286317,0.48694180998680453,0.45929490879560514,1.39,89.69,204011,0,1,happy
0.27631142779294854,0.3773470881032857,0.290311018126604,0.5429571567334257,0.271722725906445,0.29089306142177207,0.1086509632647747,4.5,85.43,258279,7,0,calm
0.7500752385505345,0.4190139832271272,0.7324447713114999,0.6562753566078589,0.8456357398265142,0.5164608273522372,0.4558228233189005,1.41,105.97,133549,8,1,happy
0.6585609587174541,0.4448985277665636,0.313806327801411,0.3512680402715102,0.294551502482618,0.5182589439804269,0.7034278276511738,2.54,153.12,239860,10,0,sad
0.5495681887972604,0.43969477844821636,0.5418545638193809,0.47228050019222884,0.049825426400559876,0.5864501392514251,0.41292038487685384,4.06,189.59,198871,1,1,calm
0.5192174011405875,0.4358313991232793,0.5421089243262067,0.4335338332016587,0.4568433104986476,0.3923933014775231,0.3893097504565856,4.56,104.28,299440,8,0,calm
0.3898623680925404,0.13486082372756314,0.3974878311114064,0.7400064090757819,0.5183870709559192,0.2986526481211438,0.3752478810569754,4.1,136.41,198000,10,0,sad
0.46774512897733783,0.4627008564131142,0.4071811845656313,0.30351755694936566,0.37708308775449356,0.5922467405253135,0.36824041768886706,3.95,171.16,184183,3,0,calm
0.8771796177235662,0.9755857589161807,1.0,0.25713727457143243,0.3583186861159797,0.4182360241005368,0.3326739066033328,2.0,176.44,203375,9,0,happy
0.5014918982455158,0.4104620273261574,0.20403532088338006,0.3533585761564823,0.7182032768638738,0.1688242174808322,0.3266675580295837,3.57,154.01,233810,6,0,sad
0.9401498150546209,0.7968342811137865,0.6719413311035831,0.19175909791888018,0.5006569547954253,0.4072284396801246,0.811168993923287,4.02,73.86,278064,3,1,energetic
0.44308622937606945,0.5420291159521031,0.34781550467221906,0.1491477127343729,0.11772441700877698,0.36526256131758694,0.4029987752828742,4.87,124.98,235438,7,0,sad
0.5720314425174431,0.5477772933171017,0.33553375340884817,0.0959879305148653,0.1640817211125743,0.4103044269909798,0.26676660302121347,3.64,152.14,246901,3,0,calm
0.34350180889679244,0.4634818561685527,0.34972278930326384,0.4093756591470765,0.07160488626408137,0.14824473343112965,0.17367247078030398,1.53,158.71,253555,7,1,sad
0.8644322652751955,0.8521541272045192,0.6263657895900776,0.21274219421277257,0.5959308364437174,0.06305802872208903,0.20913719780175563,3.61,88.41,284282,3,1,energetic
0.7714584359195501,0.8519063285539783,0.6088718635118934,0.24327087349725143,0.4031478499897735,0.271778201564689,0.3356469227741565,1.4,155.57,165510,8,0,energetic
0.8668811947082116,0.7572758018287679,0.5620734862251753,0.28866419344400357,0.5084369604813792,0.7858024939887954,0.48133228017837987,1.71,76.68,121410,6,1,happy
0.6189802933217673,0.27875525719672734,0.1740417236728836,0.1753452944044271,0.06140087245794857,0.3241970576799967,0.4134869394450397,1.6,143.18,188560,5,0,sad
0.2746693876800519,0.49053028887856415,0.32128815192785287,0.5064594822675701,0.40723347395940407,0.3833836674510524,0.41679012395710235,2.18,192.3,297780,4,0,sad
0.5145813951333742,0.24655192510463103,0.5239215781255986,0.22754678849599866,0.45849118214497375,0.3032536391126991,0.23244085885411522,4.94,104.16,228907,10,1,calm
0.7001559147123282,0.943488503579208,1.0,0.4305055863447208,0.587994683989008,0.3864008628726155,0.1932819218246789,1.75,147.47,180561,6,1,happy
0.5203525092989462,0.4002400435148037,0.5576272393112827,0.15488846168866072,0.8708169482888152,0.0643765019185403,0.6497728544657603,3.57,103.1,247977,10,1,sad
0.7331638723827681,0.9018224451825879,0.7027164315067024,0.632508926045007,0.5773046687937592,0.15049745740836887,0.6244436674874654,4.72,184.6,261444,10,1,happy
1.0,1.0,0.38306674627529225,0.9104494750808595,0.2571636876194861,0.3693790325043556,0.380928818212953,1.89,162.89,242267,7,0,energetic
0.7585738145289627,0.7823103747238439,1.0,0.30073501714882817,0.15670489640409974,0.7319164051561652,0.4153198101911718,4.21,103.06,258887,0,1,happy
0.3438339443074574,0.3014826947786685,0.20580040905838465,0.028294639679791407,0.4954231609283347,0.11582469653041104,0.35716996626453285,2.99,72.62,289511,6,1,sad
0.8093096505858246,0.7919051647045224,0.7117613383759115,0.8937951180683885,0.4162304079465611,0.6538300404302351,0.06648123985961017,2.18,159.97,214976,5,1,energetic
0.7396124159513863,1.0,1.0,0.23749517370143058,0.6437189385511008,0.31408151036191523,0.449600359591472,3.33,188.17,121745,9,0,happy
1.0,0.8428356137606026,0.8242490087130788,0.5256555061794015,0.36990758735169954,0.5169342423017365,0.6122867639668287,2.25,65.94,236977,8,1,energetic
0.2788506347920039,0.5156174721971883,0.40090904666350347,0.21669838340064315,0.4163026326515474,0.25512427790739717,0.3363300824148919,1.09,68.41,242023,10,1,sad
0.7763479663653328,1.0,0.7707793507046511,0.3301323358016876,0.7149131470856783,0.16455801476511522,0.35773709576212315,4.87,123.4,290228,11,0,energetic
1.0,0.7825743406230948,0.7841579505277929,0.547976193068908,0.7028856345184805,0.2675360437088391,0.3787440617630483,2.81,161.48,192271,8,1,energetic
0.5798386472101434,0.3318246019426838,0.1498965712098544,0.8084960392279918,0.41865423810003877,0.6920652549184805,0.3776016459640937,1.13,96.19,282119,3,0,calm
0.900341305017834,1.0,0.9812521852821403,0.321179881541711,0.11236776728638706,0.2993283814379236,0.3395115459606948,3.19,95.93,240796,0,0,happy
0.3962053261894889,0.4469810344570574,0.4195693579189754,0.49300754114716383,0.4139082297395622,0.3348696197228587,0.7444426165729321,4.59,146.85,196171,4,0,calm
0.9696930634962758,0.5371836799395869,0.716663252695725,0.20421111234464714,0.4957702168387329,0.45169403735101293,0.34066403543517626,1.45,75.18,250384,6,0,energetic
0.951715374185372,0.6009007334280165,0.7653876820910189,0.592147612105561,0.46436336336826534,0.6788579034301705,0.3646280698057886,1.29,158.42,191830,3,1,happy
0.8400485525241448,0.6095410255903063,0.8958300044043274,0.2864196970090747,0.2625826063284758,0.37750821570191523,0.16439118321383123,4.39,195.75,172428,1,1,happy
0.8788424895247835,0.8751612888291668,0.6837432555475641,0.276831170485067,0.707915531139998,0.6893126738400525,0.32845917270089264,3.31,170.88,178376,9,0,happy
0.5069204003235305,0.20498836319239433,0.3961651299836621,0.5646236220438091,0.6423358353290334,0.3828875430704702,0.8946473999486417,2.64,73.97,261967,7,1,calm
1.0,0.9807199446852699,0.824576193649013,0.11015359380913113,0.3901614891385786,0.8284003912560188,0.09408356017977276,1.26,184.2,195572,3,1,energetic
0.5373335538703272,0.5708169138212501,0.426995663060504,0.4928568859807368,0.5204034538093186,0.4184908041945258,0.2254923911944314,1.54,95.03,185175,3,1,calm
0.4043476301034899,0.5335263314080712,0.2005985548512625,0.3633334958277691,0.2951902925083372,0.31835230291239586,0.5110103434125133,2.69,99.03,204765,8,0,sad
0.8179581781939599,0.6431005120242507,0.6291998092293631,0.20827572331293293,0.6554488250799111,0.318571400740299,0.3598762819146624,3.49,138.29,233082,8,1,happy
0.4623309806654604,0.6552544312800191,0.5074717501308412,0.07810371920024277,0.5134131640362867,0.2649394377125091,0.28057180744201404,3.9,143.06,237052,8,0,sad
0.4389586854101866,0.495633217830596,0.4498452897252869,0.4581221499294569,0.05983423870903557,0.556040800340407,0.5094251227121961,2.24,102.85,240165,1,1,calm
0.8167139213210631,0.734349458868901,0.521314782290257,0.4469557709126228,0.4286638720312265,0.3158223350181409,0.3343900172990006,3.66,137.92,181691,11,0,happy
0.9407084833522436,0.5427128031787221,0.8383666346427908,0.25321983292850836,0.6536306266748133,0.07037899067949886,0.5782733876365862,2.93,163.89,154659,2,1,happy
0.29637572403001555,0.44828852773320316,0.3822786091420127,0.2987423903997348,0.18985115403723044,0.2715217404213167,0.3166877558052652,2.73,145.12,272130,10,0,sad
0.35015828595293247,0.33939000961527804,0.24443765923749847,0.5462078362591877,0.6204860020362045,0.23612380448533385,0.5379889945990672,2.42,119.18,297627,11,1,sad
0.8010788812728926,0.5680208644873997,0.5594703441326091,0.6113854905092119,0.6822726151980275,0.3183621853511074,0.44206890979612923,4.54,166.12,272008,11,0,happy
0.9253219090553156,1.0,0.7119872656761821,0.4107449467808988,0.7007620406573092,0.20402266565242203,0.651276732965892,3.41,163.52,267504,9,0,energetic
0.6912053449743141,0.6713068130820319,0.7014227916845529,0.8352933280726913,0.2078821917058913,0.43784644220329333,0.2697516413149414,2.21,62.5,274789,9,0,energetic
0.5815594244596163,0.2315989131512624,0.5720768935648058,0.4776366193767248,0.1301851575235271,0.641871326413726,0.48032224532439816,3.35,135.21,261456,8,1,calm
0.883300319548065,0.8584442896711185,0.643759031625086,0.4244915051426351,0.3049179192592967,0.5065438719650304,0.8077272361417983,2.58,172.65,289912,8,0,happy
0.5647267486440488,0.22119089433594935,0.6364477309338239,0.16146065417025393,0.39305523075888404,0.7477856935573497,0.5138860690013877,4.91,173.1,252733,9,1,calm
0.7075444780530684,0.8401493120088996,0.7282719954149451,0.17882656766295932,0.6734103768571782,0.07438499767027558,0.1712596607942166,3.34,117.15,237795,11,1,happy
0.651064999850522,0.8250336375836889,0.641206072161538,0.41377959583743507,0.6184634882154871,0.3183513707580695,0.3070487947838451,1.32,148.76,204465,0,1,happy
0.4333290108258401,0.393922919141007,0.6619899324501294,0.1097669094945103,0.45691287716680995,0.08901821600631363,0.21277962354054447,2.18,150.26,273986,2,0,calm
0.9759961802862446,0.8412582609355267,0.5572146731660503,0.3146354575940315,0.396028394932539,0.24908620230000136,0.29302174785988644,4.54,151.0,263588,5,1,energetic
0.4616785371297655,0.6522227850333232,0.6432884901382838,0.08902702179423848,0.3160009009302846,0.20528937616689924,0.31673480587584274,1.59,148.91,182991,9,1,calm
0.8303801527695821,0.715930629463497,0.7603959935488005,0.07535789255261494,0.4215472670975019,0.774560309590258,0.573820321520866,2.66,120.7,204091,9,0,energetic
0.5331784801202283,0.2656014574827501,0.6880325249746052,0.859445391388721,0.7734763918800999,0.495213217932343,0.33189953279194095,1.89,67.79,263553,7,1,calm
0.6239782595862473,0.4002173180764766,0.6663052082432219,0.566186951763273,0.5436902423818808,0.29839202940265486,0.44170737778413083,1.41,173.29,235450,10,1,calm
0.38442844136931087,0.41512863583074383,0.5436937809058,0.37147253045208745,0.399712845861335,0.12748130503690458,0.8221477237288303,2.53,103.55,232914,4,1,calm
1.0,0.9381980074500061,0.6944832623986243,0.572720858907015,0.45784783785646255,0.4919561877786813,0.5531595033017881,1.73,182.45,279317,1,0,energetic
0.6704804439275751,0.4715114859819447,0.9304605380488638,0.1173393462844916,0.2907273308499401,0.23783878986193324,0.24840256373376662,4.94,72.0,243368,7,1,happy
0.8453421245505253,0.6080946984258032,0.648605481049117,0.6788846079090385,0.398471323093611,0.5901822323333512,0.338207773928741,4.3,161.79,189715,10,1,happy
0.4934056391667044,0.6346005118557407,0.5425238459556028,0.8375659666538866,0.2482663867683777,0.30391862316533225,0.45798298332042053,3.17,105.82,246312,8,0,calm
0.9127581795678789,0.807604083355564,0.5917378993880337,0.3743675190343329,0.20290242257523644,0.1388183538052768,0.1784510591708204,4.4,167.26,155338,4,1,energetic
0.44429989051560104,0.5678096015227422,0.31861782042752307,0.3055730914540569,0.4218352297219099,0.5042023897816577,0.3497150330699926,4.88,159.95,286438,4,0,calm
0.41514760167344256,0.36479013224154616,0.4188934339949182,0.35721021716707657,0.2616791644511187,0.06484674463767177,0.11524313833558006,3.98,85.95,174165,7,0,sad
0.8360052802159853,0.7643985126181395,0.9536839955651326,0.5387760545142389,0.6421556380574772,0.3869221855714737,0.5131529989417938,4.93,170.31,201271,7,1,happy
0.8735548490980767,1.0,0.49533675867246685,0.5462109539143608,0.48429095964056396,0.6178562203766226,0.20832749410947793,3.21,132.27,290293,7,0,energetic
0.9085187008111233,0.6373536638392159,0.6733762174338574,0.45718633615098514,0.3733266660679563,0.5792472769905529,0.23709149741255717,4.21,120.45,261445,3,1,energetic
0.40643772065607253,0.21189660213572256,0.1501595435631613,0.38497187233815083,0.6870940650410733,0.6724860692396679,0.42634764408904935,1.83,195.77,124500,7,0,sad
0.2558019508994337,0.601903910999377,0.3150807340030868,0.49142531349830826,0.31363268420476764,0.34802144152644426,0.2557712734750046,3.28,118.26,178475,5,0,sad
0.3796429820582016,0.45966360894646596,0.4395447532614368,0.653177021089154,0.743376681772952,0.2968930514797042,0.630080129435066,2.18,108.61,208179,8,0,sad
0.9492747044441037,0.9268796053453825,0.6302656090180505,0.33039864203368086,0.373656932814562,0.03490554475491784,0.31010957565570396,1.77,73.67,281603,0,1,happy
0.5589945006954363,0.45373208104817375,0.6639499252976186,0.2903304242018463,0.5365706041509236,0.1905973678132375,0.5245719454323703,2.0,140.3,289782,9,0,calm
0.39189292589919755,0.2964714919162273,0.415805347113513,0.1669091719150279,0.0710034090157018,0.42585387835893435,0.7030989130987392,4.73,189.83,156096,10,1,sad
0.9127788027111646,0.9885057819594714,0.903847186046105,0.08052694578985038,0.19147953674652052,0.39484394646541443,0.3914459033522387,3.25,195.01,159100,2,1,happy
0.48367994922519425,0.4147668744930375,0.5253110764512926,0.13628217441643733,0.48999651408097866,0.03980405581981523,0.10674705863306698,4.48,114.17,182971,3,1,calm
1.0,1.0,0.7343830182437843,0.4790697781535212,0.5589105331211263,0.41974223981550507,0.07862481793187552,2.66,71.22,286358,7,1,energetic
0.8087153940382176,1.0,0.7492130028891568,0.7669318727308153,0.6602828015019935,0.4853670295969108,0.20751654607166942,1.46,158.83,210663,9,0,happy
0.9881725940727819,0.7186849551938099,0.5739237564247224,0.4495182613136127,0.36368688982107605,0.7403678140854497,0.7267306847793599,2.35,182.17,291349,2,0,energetic
0.5451322824743412,0.3294960321618777,0.6853225654254603,0.3677521520036397,0.42489820544791923,0.04442642984167809,0.49556221200164396,2.3,66.9,291079,4,0,calm
0.9764880032170661,0.5454816842054836,0.6231587896838933,0.6566505761225703,0.26479488579296767,0.4837295716469674,0.26494238758327415,3.67,68.23,215303,4,1,happy
0.4429923846699797,0.06526019074038741,0.1870742926518747,0.8035070015648983,0.23021827918488608,0.13801514194893214,0.7301662729786875,4.13,104.37,212908,8,0,sad
0.29722884439642544,0.4870334874478585,0.28441498014447764,0.27140125181840274,0.4259562980227913,0.26027091386673656,0.6420367335844157,1.84,118.31,286974,7,0,sad
0.47952804937817756,0.6401984047696433,0.7138360862249349,0.6988845755921385,0.5562050727763451,0.3794291268401817,0.11285159636220068,1.36,127.97,263852,8,1,calm
0.7692904109661092,0.8363061684024414,0.8351074312220513,0.32405865053886324,0.3637547649121052,0.41828736633779345,0.6520626896834634,1.22,167.49,193775,8,1,happy
1.0,0.9100195718673757,1.0,0.26212731243492504,0.44567745724121705,0.3118930616769247,0.5041056709871465,3.27,112.05,280647,4,0,energetic
0.5137217724022184,0.531296302669721,0.3948460649379521,0.7122519633165006,0.6091631788276439,0.5770195890318635,0.19505691618091214,3.49,183.59,138201,0,1,calm
1.0,0.4207773324166767,0.724424111916848,0.6317526418705591,0.12382218668024964,0.6206856194069323,0.851835354051925,4.21,66.18,298576,7,1,happy
1.0,0.935304194407824,0.6542387960702224,0.21197636587131924,0.24603036973352238,0.2134859557062453,0.3896525787393253,2.48,168.93,160442,6,0,energetic
0.8769213847897278,0.7804519996779185,0.7185860224781606,0.3884767009633061,0.32338852748710034,0.47030692678826114,0.18554064281541188,1.56,142.23,156175,3,1,energetic
0.8305535217815184,0.9678876817800817,0.7316167379396691,0.16551393414880305,0.20095140130095068,0.7915683000148662,0.40111405429830904,2.63,98.44,162954,8,1,energetic
0.8847470978520519,0.9048111491335781,0.6980509481974614,0.4040834410410441,0.5192558008199815,0.6684053663800134,0.269661214240696,4.96,144.34,247668,0,1,energetic
0.3978889211015279,0.4877313591942824,0.46477449908880847,0.42129188806005496,0.8096351231041097,0.13806723831752088,0.5031094051075223,4.51,164.01,281974,6,0,calm
0.8212219128376027,0.7538242798967905,0.6772068369253725,0.3567059921550875,0.5201046479573136,0.8405582757883013,0.10023072733613592,4.2,76.84,142450,4,1,happy
0.39050450067249676,0.7889367250435744,0.6601664888806246,0.3639253641433959,0.3212863739130666,0.23088345097665688,0.6026166548589624,2.23,156.6,260825,10,0,calm
0.7570755579701338,0.7882829904656079,0.5602813472174379,0.5848370555728797,0.3386660118397735,0.2740768196314389,0.4989379771657934,1.99,149.69,239988,10,1,happy
0.8256257792042935,0.58628720099692,0.6968923531863951,0.5555714734205293,0.5015770481616308,0.48504328631309673,0.4104084276289196,2.08,86.73,245035,10,1,happy
0.41945227350655573,0.1609477557380415,0.516029074732703,0.3818997195768815,0.7412945892833483,0.06796820241965991,0.48829366605873226,3.24,178.51,176777,11,1,calm
0.7528007827376666,0.6035767878521052,0.8265130072985137,0.6184666431978428,0.4921047959033742,0.28625918270476597,0.4962697928501972,1.94,80.41,185521,3,1,happy
0.4694045568468408,0.2504395299586982,0.45619899856929236,0.41943582278111685,0.7188830585151881,0.7993496974955452,0.45432537877058116,1.64,61.09,255536,5,0,calm
0.5941111475506022,0.14054958164988102,0.31717575064240094,0.5194573138389066,0.3101147429462447,0.39874898995805114,0.09240143928293632,4.51,158.88,133207,7,1,sad
0.9343759427845061,1.0,0.7385975937049846,0.16859071426831307,0.19408895908893878,0.23452509013669576,0.3542533925076466,2.46,90.04,213500,3,1,energetic
0.8550714652064192,0.7547874616269258,0.7710597491152985,0.4406026667793413,0.2968363014397574,0.3578535448171396,0.28485097107525226,1.72,107.9,162064,3,0,energetic
0.9399803979353254,0.4520023782877757,0.611339302490371,0.3131725274620822,0.11535969118390514,0.6181588696683851,0.3987721260548419,2.37,193.63,222248,3,0,happy
0.6458639448503105,0.4727545303554387,0.748571369739155,0.1775430883533009,0.4626828427644889,0.6512301443590872,0.3711071712828694,4.3,180.17,203451,5,0,calm
0.46878874757306077,0.7391206966856235,0.6675171600318469,0.6383492360384071,0.30877218409010987,0.19280457579235355,0.5075060591809731,5.0,196.94,279334,2,0,calm
0.3611609859228305,0.46740744545947643,0.42540985791164926,0.3968659039169256,0.32861376164132156,0.5621637610398174,0.5212423694363681,4.03,101.31,173794,0,1,calm
0.7111514967264263,0.5851089106995621,0.36254027706586495,0.6541924510719238,0.40554238647438773,0.3974268880597378,0.0642198474654471,4.6,136.86,182171,7,0,calm
0.3504785811099178,0.5523250400884976,0.37245786511557083,0.16423363436528157,0.2998332191401394,0.5565353609368379,0.12437392007598766,4.29,107.72,222301,5,0,sad
0.49510989404168987,0.5503048265759451,0.5991782504650759,0.790631826624292,0.5220186503980535,0.3012307904911187,0.3575174820517837,1.47,162.17,120634,5,1,calm
0.3124796715311202,0.19076063013540429,0.0,0.778895872788561,0.39863708331866193,0.2700243933207943,0.39359728733626836,4.88,98.22,179153,10,0,sad
0.8270916052611282,0.9975650639634405,1.0,0.6134378823275622,0.10342296988588304,0.5785851228592478,0.2214348331571551,3.35,179.87,246310,3,0,energetic
0.670504561474373,0.6424284306980802,0.9991266041529815,0.15100733524516968,0.3518104350762207,0.3712399428625866,0.3155297600019193,3.74,83.18,216939,6,0,happy
0.8997415526450835,0.6897105428100572,1.0,0.17312441826924663,0.21096140693892235,0.2754940720995622,0.4205892851069039,4.19,81.49,265672,11,0,happy
0.8872837203705869,0.8655608729401392,0.46289337206923936,0.6663950280169789,0.5856929618556278,0.6044988305164509,0.27778539499642013,4.68,114.18,297940,7,0,energetic
1.0,0.9128317589851732,0.7392732665939191,0.4936559896775601,0.7327864271438651,0.750810222408769,0.5988236409593587,3.4,76.54,254140,10,0,energetic
0.8844510874527609,0.9662610642252737,0.8589548028706209,0.09388697308854696,0.19001303131639258,0.6838040892576736,0.2769579558312803,3.74,175.08,195679,10,1,energetic
0.42508617593723513,0.37172697103617564,0.23830801135041924,0.5921974003214041,0.17171017117357018,0.49852488058621164,0.4997766818942314,2.21,149.22,186129,8,1,sad
0.31447594811201895,0.24594073615966047,0.43242564907640846,0.2490955694574392,0.5711308419090996,0.26302483793850123,0.4623850144643866,3.69,105.94,147907,5,1,sad
0.7340431995299147,0.706569461225647,0.9070778240520609,0.40472831876866466,0.23619513496541927,0.40937280761413036,0.394223986163188,1.82,81.28,183624,5,0,happy
0.7464058780243465,0.8251525555140282,0.6994930579272137,0.28791881843939227,0.18216457270717,0.4249607536363019,0.20740798417291745,4.35,132.77,177405,9,1,energetic
0.4486171241465874,0.5068534739940438,0.13820647924963872,0.5273150698857361,0.6542593380408328,0.06050715218673836,0.16289428226625344,4.84,190.35,262088,1,0,sad
0.5359771893328313,0.3932936864860622,0.16708310229785245,0.09154975506002563,0.6124081762079816,0.18133311261739896,0.5480143136975961,4.38,162.39,252133,7,0,sad
0.9884938481193762,1.0,0.6950747124025345,0.112052707687238,0.3742045100340326,0.5045780147698457,0.21265648585762292,3.45,90.04,140966,6,0,energetic
0.9062853693033217,0.6767874881906871,0.6410112641310709,0.6598807685289231,0.3276956752011325,0.48632994106931127,0.6012853407467358,2.35,125.8,274425,4,1,happy
1.0,0.7753591281289804,0.7482791057194154,0.15741554446745396,0.3778521844592576,0.5411286757550683,0.27097142108448125,3.0,117.33,283389,7,1,energetic
0.6421179096797116,0.27772215453364724,0.6183525877718246,0.5108191824814414,0.5160581208693501,0.1494203645655471,0.5356875207150857,1.87,133.41,271644,11,0,calm
0.776357406162932,0.7429740920216507,0.8666167085936878,0.4664851972987629,0.37188573138464714,0.22067468586391564,0.3456449083034758,1.5,128.94,168589,6,1,happy
0.7304174947073685,0.9363522845837939,0.905330647088392,0.7094997156048097,0.1875872942090577,0.3257476286152347,0.45383150014424695,4.46,165.78,163646,2,0,happy
0.9633948183523648,0.9632163317269877,1.0,0.23700321883712017,0.11587850425096474,0.37304685098796564,0.7469450759237141,4.77,83.43,210064,8,0,happy
0.7147356238196214,0.5648018534604587,0.8973676832569173,0.3876236722174715,0.35133480186287064,0.6340933628288591,0.5242304660265841,4.56,178.62,141074,6,1,happy
0.49809862621405454,0.6308229658526082,0.54860546640598,0.5525530351442506,0.5830905471553313,0.5714815302532922,0.1341139818282379,2.16,173.26,264065,9,0,calm
0.9715478431783033,0.8815670937034631,0.6591513085007856,0.5724570268354019,0.3614315418656289,0.17577814760804827,0.4590598835753677,1.77,80.77,172754,4,1,energetic
0.6189283453439642,0.7000158749049448,0.5187167869516118,0.39068421411478893,0.5747951735446267,0.7459474182915791,0.10604120638625274,3.66,169.46,152904,10,1,calm
0.8644170921106953,0.9004350937321148,0.7115670404351355,0.34084153041840487,0.3726210144278375,0.5408500281176938,0.4170011880836741,4.44,60.31,162709,4,0,energetic
0.4921917902284262,0.48189887566909895,0.6216743340580791,0.4807884449896468,0.5161842860262146,0.30808085481632536,0.37792046062029966,1.13,114.38,178054,7,1,calm
0.7729563686274815,0.6244228506163325,0.6131929260972204,0.40358824422966105,0.6965187433252119,0.6300417895375056,0.3639795370418528,1.38,181.6,137289,6,1,happy
0.9620093197586868,0.7779960095326663,0.9526669509116253,0.35962863904126763,0.5362524545827416,0.0542405949133052,0.2822685445995631,1.71,64.7,180811,2,0,energetic
0.5113899918903184,0.355168691571967,0.32878371986889743,0.3057136581380507,0.43448378511443303,0.3808924344348507,0.44611056179443553,2.06,193.99,163976,11,0,calm
0.8265616993172534,0.5838630829664462,0.7916232648765841,0.18514540045359407,0.20321591583613,0.4387145373452398,0.33561320581828075,1.92,90.56,129844,6,0,happy
0.504788139038702,0.6517112012546022,0.5744554634269362,0.7469994503529758,0.2858160562250863,0.21091404286533416,0.6175557422792841,1.7,166.8,154195,9,0,calm
0.2961323215777152,0.343281312944561,0.12761242212145762,0.6438668697189989,0.3674174556913195,0.2019695338341343,0.43085089075650335,2.47,192.23,181805,6,1,sad
0.6444712494364283,0.4941929264929489,0.38909740709502677,0.5723667228297085,0.329992166455162,0.6984721997054636,0.37060186887356394,2.6,143.8,237530,11,0,calm
0.3953655065243784,0.5601363821932865,0.36215100296656283,0.6291531076987729,0.390197484980168,0.7642952037495824,0.6675311720058085,1.67,198.5,201491,5,0,calm
0.7780256251978186,0.7481224241253521,0.7207424692335574,0.2731219661478058,0.26831233321561804,0.30974665637536913,0.05298236067677896,3.26,149.96,289251,2,0,happy
0.3859425558770155,0.38973424467627604,0.34294005227684116,0.3769425284161058,0.2340759098293901,0.17840064099923755,0.2971034042528472,4.41,167.99,226015,10,0,sad
0.9948295001050633,0.88865871995627,0.9961336157267446,0.502595378915666,0.19178303040983946,0.3981143919729497,0.22210214341940746,4.07,146.47,267611,8,0,energetic
0.5330528172905415,0.6903566727502423,0.4568459316897726,0.12921195106601233,0.3519783259510953,0.47445415531592305,0.5890562749192574,4.63,125.03,196348,8,1,calm
0.881831768235008,1.0,0.6207104927622434,0.3928699815341853,0.37879296828643594,0.33535061400609395,0.5151702724928,1.45,161.91,298374,2,1,energetic
0.2721970705208365,0.2117555716164083,0.2929192034297841,0.27263180092449113,0.1846699463052429,0.4667813845084455,0.27755484901873945,3.38,100.21,289289,1,1,sad
0.32238244351021134,0.3142596285035477,0.5509095474440038,0.37006941688848055,0.3810349259384288,0.0439469325208033,0.2842927341119869,3.46,178.89,183526,6,0,sad
0.7673801844357115,1.0,0.81553756719566,0.38588154123200674,0.35637064453900286,0.6604233903748854,0.4286782932293359,3.43,122.24,253626,9,1,energetic
0.3808496754138744,0.5301413885856656,0.3494660874746129,0.097468658727173,0.5887305604363352,0.47467103987389814,0.2283489661367921,2.59,154.16,129939,8,1,sad
0.3655731116002061,0.5967403044585883,0.17310995398455473,0.22889110093743284,0.3106301062494906,0.4516010463106076,0.3991153776344606,3.0,112.36,235299,4,1,sad
0.33479497323943375,0.764917502697442,0.6596578912300968,0.41712263556864515,0.4515933615574017,0.7613685639949723,0.14023241168338602,2.58,164.18,281468,10,1,calm
0.764352836263167,0.7876754824178963,0.8674483859938776,0.22112445712596915,0.2877318190339247,0.42440369153454893,0.3104518679410633,3.0,171.23,247275,11,1,happy
0.6164100296990238,0.42680912537300103,0.8087079664865101,0.33295376817173156,0.37672494466147083,0.43194193231186356,0.13352370977471362,4.23,157.84,228803,6,0,happy
0.573445220836029,0.8670606271208031,0.5433787825523035,0.5560509230160103,0.452331418572116,0.49822136308526094,0.4650718712123741,4.69,179.63,217986,9,1,happy
0.7916606378871117,0.22182827859397847,0.9023954125353059,0.49211621691184104,0.14550658759177268,0.03835254743300697,0.4951111226386731,1.32,176.16,295822,10,0,happy
0.38670892338070295,0.38719718499996053,0.6244786901933681,0.3063790861063587,0.6745702531604152,0.5814379082640899,0.4735662210496957,1.03,121.25,166088,11,1,calm
0.2964948209447226,0.23575413844101217,0.4819545142716277,0.14784114435687606,0.06390863047749981,0.23319142153409125,0.24025453543156988,4.23,125.64,131243,3,0,sad
0.7151542477707009,0.7076564392507368,0.8556136338318313,0.3480443637224696,0.5823288993149335,0.2526902075248476,0.38091898832704124,2.47,136.33,212945,7,1,happy
0.8559151433678238,0.7573179888667974,0.7120231005733121,0.7730515104476828,0.17567402611222152,0.22847259145133234,0.19939570324889466,2.14,102.14,188063,3,1,happy
0.46911841583772423,0.1762391038687953,0.28807530811971005,0.2412369065943707,0.6012662557964075,0.7457497143597603,0.3876393013143315,2.89,120.01,162096,6,0,sad
0.6246445857756074,0.8181859052869247,0.6507812816189551,0.35174397497895715,0.3639299132181974,0.5048869758328183,0.2679493791914599,3.87,75.53,218034,9,0,happy
0.8861942042878944,0.5345803771759496,0.7038587826103587,0.3143546928531064,0.40904447384339804,0.659389844120698,0.2342803475917199,4.77,109.22,275068,0,0,happy
1.0,0.8477265445846238,0.6502830310587457,0.558223874442022,0.283133701028874,0.2206551824845328,0.7258761636601035,1.58,68.36,216229,6,1,energetic
0.31552790292320926,0.3738430438894149,0.16601257537224035,0.3056393561711735,0.5154220509601615,0.21059018852537342,0.30071791866810893,4.66,195.49,272488,6,0,sad
0.47901419713869553,0.23609757668245568,0.5726191880058844,0.34482040014341475,0.7709937269600814,0.27439998617570627,0.555664025085338,3.03,156.94,233433,4,0,calm
0.7054747341922524,0.748251781206475,0.8252089708950231,0.22309759105998347,0.8243343144321881,0.6589583467404786,0.19213248954350798,1.04,168.93,202932,2,0,happy
0.9376537979246787,0.7383418881312598,0.7514737831296124,0.40329657709725336,0.26230905399969123,0.5760182719794781,0.416148922062613,1.41,177.28,147495,8,1,energetic
0.5407095240414779,0.4906294823724551,0.3092916052467281,0.6622121566597493,0.41505515493990747,0.4367780241175158,0.6606238141343311,4.24,117.06,124761,4,0,sad
0.8795878415186393,1.0,0.9345467579497138,0.24561869913891282,0.3693455827943134,0.4394397890195207,0.4685563157220576,1.49,111.78,261165,2,1,energetic
0.7676198907458845,0.9312935682480091,0.8409536580853559,0.29280805340874655,0.5110626531198523,0.44604061550181767,0.40178758489165967,4.52,182.97,191011,4,0,happy
0.5236223216914814,0.4313844682702294,0.7631584040409256,0.6187998999151008,0.5543452770581125,0.08262333862455618,0.2780329856738676,3.52,117.74,210917,0,0,calm
0.8587105556839867,1.0,0.7319962239803499,0.8902247918024819,0.10919162763614795,0.42791349390505323,0.35512479694095556,3.13,94.91,201068,6,1,energetic
0.8919422364819907,0.6680346699904505,0.7300623868307224,0.3992377157376426,0.10389317871396775,0.29365499385250426,0.4759239747667133,3.42,172.79,288618,10,0,energetic
0.8663401468666552,0.8912693796920766,0.7867181143485287,0.364747364604981,0.604396869797092,0.6167114771080578,0.12267264039949664,4.05,79.0,278073,11,0,happy
0.46852643266896277,0.5114635994759084,0.36155280762152164,0.39386377683509705,0.41190786986704575,0.04740298378850148,0.5289122112236999,3.04,142.63,204897,1,0,calm
0.48650372719866003,0.33167798621499034,0.3561256042224572,0.3674729861535491,0.2398373593328471,0.15223896054336905,0.295366568027748,1.41,60.17,157162,4,0,sad
0.749540672889307,0.6862124766895785,0.734323073133098,0.3189589450445458,0.3723668794117033,0.14906898197124216,0.4975408421065899,2.31,167.55,151178,4,1,happy
0.8891218866644218,1.0,0.4373562092231491,0.32880033975493966,0.5310348061459403,0.4515753860187324,0.4384830948154722,4.02,116.2,181744,11,1,energetic
0.5732492102779803,0.5433085494237535,0.2517668845657556,0.1683186148526708,0.6468576386269866,0.34614670346633586,0.2146139487914762,1.69,139.52,173344,5,1,calm
1.0,1.0,0.6622710936124125,0.06147584277271267,0.4884889729163462,0.2110578968925014,0.7231399914252027,2.56,82.46,224649,5,0,energetic
0.8428772190135542,0.47994336051347747,0.8938793912153995,0.5728290536930319,0.3657113718969455,0.7219791457391154,0.28718738071079236,1.84,121.89,250342,0,0,happy
0.5801128583911954,0.44194204606494086,0.4564425512523805,0.6399170594587242,0.24596407654842986,0.09838917335939573,0.6613139728488738,4.04,145.02,230810,10,1,calm
0.921370629433824,1.0,0.6939297832888794,0.13075343761473665,0.7748446811853401,0.5337226651391043,0.32291938196484643,3.32,60.15,282118,4,0,energetic
0.4372794158529206,0.425152200017386,0.3681497149728343,0.11807888855426499,0.5655580385967905,0.4369653707661175,0.120392563142127,2.51,104.39,216490,6,1,sad
0.27022984072534906,0.20907414387897777,0.22296970419271334,0.29234931212644727,0.6415962590632376,0.7443202497174622,0.09845413045294059,4.05,69.41,194309,8,1,sad
0.8536487727121329,0.8566789644727211,0.821899387146896,0.524292655904275,0.14678463790101098,0.4571305661783412,0.5370680877345464,1.93,152.72,210192,0,0,happy
1.0,1.0,0.9544910156078834,0.508127178200302,0.6885637157958562,0.05178913685353233,0.4590256483235624,3.67,84.44,260100,1,1,energetic
0.8328676192343022,0.8280537891909557,0.6120696672089074,0.396573790108121,0.4636536957559808,0.2836054629408081,0.44572347106973437,1.27,127.41,150471,2,1,energetic
0.46185105851759073,0.30192598348924526,0.5506223112089599,0.14061855996084188,0.19466288645318308,0.3864792331263939,0.5327618696896401,2.21,157.72,262246,7,0,calm
0.327616554899757,0.6764678301657219,0.5727052625336425,0.658663418200599,0.37754161763316985,0.1827506126438167,0.3690455941736722,4.8,122.18,198451,11,1,calm
0.28803920597828603,0.40540379094781476,0.08081185119013673,0.36802600185444606,0.25729792894298537,0.4366078768369312,0.5746218712857554,3.65,158.62,236100,8,1,sad
0.8216578557555847,0.8340125899071476,0.5804627054619711,0.4755471993532336,0.497414771878832,0.33827748643609024,0.07598480523926815,3.41,99.16,257305,7,1,happy
0.3486285607387173,0.6577925608742399,0.3531567130839095,0.44748135692729246,0.7215617549555209,0.5559405603618571,0.17327476892656338,3.58,150.5,279847,9,1,calm
0.6420504247989856,0.41438805593757855,0.3751466640343657,0.5844005433103162,0.37586903744187544,0.34058457475633014,0.831253667495731,3.89,129.42,134588,11,1,calm
0.836301392883145,0.6993300428594784,0.5007463386850912,0.4519621693801133,0.23720012935379797,0.6161057996198152,0.13461520743906122,4.95,84.01,173973,1,1,happy
0.9473581735358096,0.787997688874169,0.7599737744026144,0.4245834017788392,0.5175301364442846,0.7307281662711459,0.6135761039925023,2.61,99.93,164674,5,1,happy
0.4534194430881837,0.4773743432649957,0.48890786515874113,0.20355045648345915,0.3714786216626845,0.4648180699588701,0.42560681932740424,1.25,106.94,132062,6,1,calm
0.5753763584020699,0.4559834738546615,0.46204625223091156,0.35952385386108743,0.20368463625024769,0.7287427451225039,0.5479220519829875,1.09,151.41,294698,2,0,sad
0.4600747972017611,0.603687051329931,0.33867864323549624,0.36351210110203735,0.7680575360255635,0.7205888614819937,0.20687922565083347,2.31,73.37,217874,11,1,calm
0.40952153747193387,0.4497724607313386,0.4158285250671712,0.12967814765187327,0.6559039291084487,0.5738017218959716,0.5940837570925566,2.82,101.49,299223,9,1,calm
0.43910083851962534,0.6425195515088675,0.2932824853632034,0.5142021931767979,0.1781462200774349,0.22075430479693892,0.14444638858038628,2.18,128.04,281118,10,0,sad
0.3423648437935055,0.31031054360834753,0.547444382529358,0.3386083835271349,0.13575710994303242,0.3048125430730862,0.5047157872067678,4.4,70.01,125777,9,1,calm
0.5266319348515932,0.32863735741113825,0.5396959548610725,0.09208518069378202,0.618483356547918,0.3933991057229026,0.2880633834615077,3.89,153.53,160110,8,1,calm
0.5733645146681295,0.586061663150662,0.30855433751924966,0.13500887881430165,0.23052666436266045,0.495214631842166,0.5057732308576932,3.05,127.66,188901,6,1,calm
0.2932177530971812,0.3337766706297975,0.5678635373580087,0.26603558566120056,0.7107028787934179,0.05388510076073595,0.1523286109320777,4.13,141.28,124743,5,1,sad
0.5398448045512001,0.5368106091808718,0.6054969592186388,0.5574996781082187,0.36762497157807034,0.3314341958116441,0.5766389068954103,3.4,83.98,253494,1,1,calm
0.38256470376826857,0.6319768885935335,0.2627786857936728,0.16537540263113684,0.2555885122016886,0.5012843801049883,0.25245226106112073,1.04,174.5,252967,4,1,calm
1.0,0.9578194641306915,0.6577615649497662,0.10694202660627002,0.13086001965662805,0.5127891925692728,0.32531003410972054,3.77,167.42,195663,5,0,energetic
0.44950751788308685,0.40633471558858425,0.2957197258237541,0.5327529740863947,0.9134164887271863,0.05115584625090263,0.2021686052746768,3.1,191.02,178930,3,1,sad
0.8304548959490987,0.8607642826197572,0.8007879026464917,0.47778760337369325,0.3274917869874433,0.40580346461342426,0.0835409102743629,4.42,93.71,283222,0,1,energetic
0.16475625543705222,0.4357844009394164,0.4143272374798389,0.17441535752157084,0.28511917387048663,0.43289757539725815,0.33510871837201545,2.82,170.27,154746,5,0,sad
0.2608758132078661,0.7547829809100832,0.5625955192255426,0.4798877750370469,0.26158488921846706,0.7433993997387455,0.34854456410754886,1.35,125.75,255374,2,1,calm
0.6727858344429393,0.6616515596283337,0.6092404463917044,0.9482906046609814,0.4913965029063475,0.5189869642527365,0.5784070929802667,3.6,137.49,134035,8,0,energetic
1.0,0.618191406048302,0.5911726677279524,0.5882795353423046,0.33561515490395355,0.17471200762019182,0.37398594097958,4.57,131.87,268557,8,1,energetic
0.565329804026433,1.0,0.4342845190827452,0.40996301534824625,0.22201031559215473,0.062126558071870217,0.20551758774736717,3.72,125.09,121206,7,0,energetic
0.4217946867960083,0.34348980708761206,0.2256137505443806,0.790878569418145,0.23185777762033,0.3250988632741663,0.04352475445674145,2.34,135.96,154553,10,1,sad
0.6681304650328171,0.41016012250576367,0.10609807489350359,0.3987127479768062,0.24140954177281654,0.30834201832445335,0.5925702595798449,4.92,109.64,297938,0,0,sad
0.9291009627247443,0.9088958749264071,0.5979521804218318,0.2457006820393017,0.8035679129237493,0.21206316686964297,0.21521326772577887,2.66,107.3,137896,7,1,energetic
0.5144509656262597,0.2988151360622755,0.2911937591531673,0.20403214011252274,0.750303849571472,0.53716686709751,0.3727798398308687,1.97,152.98,234932,5,1,calm
0.5036058939567083,0.23458532754943193,0.3535628934226643,0.4034269134971132,0.3263003922465599,0.6591910183163009,0.4301918422319398,4.35,199.92,187888,8,0,sad
0.5138060236573231,0.4596798747744068,0.5593567225051469,0.37291404568852565,0.5934069615266196,0.814876072005068,0.19944761954199253,1.38,140.69,201470,11,0,calm
0.5768691964083741,0.5246005240459336,0.4285488101479229,0.21636884773109916,0.26444987058058,0.356634098917091,0.2213679386686158,4.31,163.92,274124,5,1,calm
0.6664797693117912,0.30331775108493386,0.7537163609210924,0.5214530140705561,0.14940663200799056,0.28337119077195266,0.05730478129177536,1.19,159.09,293847,1,1,calm
0.714767290098424,1.0,0.7203103723725417,0.04931250870173797,0.501231327663047,0.5200872395040947,0.33542165286503484,3.36,60.9,259052,6,1,energetic
0.10970726780984547,0.35648850904861684,0.1938802171434785,0.698862714213516,0.20709202493481438,0.3221271513011057,0.22932876952836384,4.74,73.31,241324,8,1,sad
0.8668005541119924,0.59856899172428,0.6717945571169998,0.6479299035671758,0.24953373019535516,0.16724553449170593,0.2906481632084045,2.33,130.45,122534,5,1,energetic
0.4065052162532023,0.6432520235168089,0.5832036572734818,0.5343691772357342,0.1080575597742365,0.4059907893239399,0.3107688695654225,4.71,106.32,284352,1,0,calm
0.7048397087117113,0.8584665966346795,0.5992418816112883,0.21700854961135518,0.3889485290722254,0.39916952638749226,0.602302173199338,1.04,79.61,177974,0,0,energetic
0.3711428517396099,0.2967657607541606,0.3120893736044625,0.11150077208124123,0.39925471537678414,0.45784224121835587,0.5256210936799921,4.6,100.07,166386,11,1,sad
0.49686277798446143,0.2753416166587024,0.5241343739819149,0.5640183678482257,0.37649162046594015,0.39169283927056936,0.23271316438833203,1.37,145.3,152834,2,1,sad
0.5869216761000688,0.46004067489302863,0.5041340515676472,0.7076421861355644,0.31196498512725573,0.14751616643279158,0.20315272593851594,3.72,128.49,187817,0,1,sad
0.9950509489059528,0.6587855535863505,0.7956859436734659,0.4463892824719029,0.39004675317598003,0.5246031260271343,0.776162095421161,4.34,186.52,217021,5,1,happy
0.4611602528293636,0.37954457751719917,0.5879604215407728,0.4625987473919059,0.141938186831832,0.6774003151264012,0.3928396580621056,2.77,66.69,175179,11,1,calm
0.8475186140987337,0.8405416531767762,0.7874747306445211,0.3928558258993883,0.5225964724595701,0.33062896835149,0.14683398241670384,2.18,77.42,208857,1,1,energetic
0.9347316073811418,0.6820196515214172,0.6683570766192175,0.4888365142696555,0.6190043713897249,0.12349639744494033,0.5424728400359955,4.45,87.31,134269,4,1,happy
0.8900754762616352,1.0,0.663297389364276,0.07011977137074976,0.23431678509488285,0.29142516288041653,0.13848368573506625,2.7,87.46,156038,2,1,energetic
0.5708150580043437,0.4444182119994174,0.2800158700803453,0.1601421668033948,0.5891573914249499,0.45544408616822335,0.24853576231065247,4.06,100.5,220305,9,0,sad
1.0,0.9194547251838032,0.5673828737273605,0.08305702756769168,0.8307679528995348,0.5994703842897302,0.3003306203835991,3.38,74.21,120404,6,1,energetic
0.37639274621616337,0.3267251713396902,0.054771874605407805,0.5394573524083608,0.7278653573706079,0.1419103564599369,0.5488860310398153,1.39,72.88,239597,2,1,sad
0.8137234261327398,0.7299810541424312,0.8614862972866388,0.5667267201693769,0.6435282684600858,0.09952837918391401,0.7621656717999815,1.86,168.26,177663,5,1,energetic
0.4185131851090656,0.7044848845541678,0.5921477510242968,0.522745641277521,0.5965457478093353,0.5039930649476062,0.24782741219693735,2.0,142.65,132621,4,0,calm
0.7012443402907751,0.820413566311889,0.7758812051233052,0.5549293238938162,0.7048698616480191,0.17825537608111486,0.27124490420288905,1.46,141.75,291638,0,0,happy
0.826082560063439,0.7721118741334437,0.8384902217214573,0.7316133721447744,0.4666073605760517,0.23369004814657796,0.560473558326177,1.56,63.12,276441,2,0,happy
0.525446360380467,0.461127421723111,0.3106448723391817,0.292480242832668,0.7345632088930527,0.4967376253800013,0.36620628031552377,3.95,112.51,277199,8,1,sad
1.0,0.9431718201129344,0.8427806477284813,0.7882578426222541,0.5139991767726961,0.5091140824529521,0.3960132378464105,1.43,199.29,148987,0,0,energetic
0.4243554592018625,0.35722879592661577,0.47308764972546624,0.7998634688678364,0.2732371480118085,0.7997860655716827,0.3739879336433038,2.6,109.04,180294,2,0,sad
0.8537742719919149,1.0,0.7168543190388705,0.16902435335216323,0.44606633598159046,0.649228305957603,0.34929043073447424,3.7,146.61,222339,5,1,energetic
1.0,0.7983876498427865,0.4676756980263862,0.28702635667488713,0.8495582341859095,0.33228360296549103,0.5574810938427688,4.55,96.53,122754,2,1,energetic
0.9393966287875058,0.9747420104902613,0.8641456723905846,0.5372997838496039,0.3114629208599855,0.5269668969615902,0.6777575043835815,3.18,87.67,290916,2,1,energetic
0.46097335678498325,0.6488643281379585,0.061657907562583575,0.7813886000439147,0.08917216322358883,0.46280747517820003,0.460388351585367,2.28,68.0,144773,10,0,sad
0.5200394784876351,0.5691842392248198,0.4226847702977923,0.45732901645899826,0.650423604419445,0.244307324271134,0.3080622935441301,3.2,97.75,261510,1,1,calm
0.9909291073706137,1.0,0.9551518615805086,0.7079476765665186,0.0992948361450049,0.3315975913893323,0.4569043323296676,1.54,176.97,278461,1,0,energetic
0.5593761848990103,0.5028743861342744,0.9190023985529088,0.4074308966218074,0.3974698825758696,0.3221556988637765,0.5376806439400734,3.6,157.73,234865,5,1,happy
0.6534378696135228,0.8318919713596065,0.6590232108193728,0.6272472117346014,0.3028800308543403,0.3881049893924377,0.40010277344056444,2.35,151.77,297245,2,0,happy
0.5953310309766011,0.2838528776961382,0.4406774541519971,0.3128939787961065,0.15929657887807355,0.12640641952962572,0.3742851120929726,1.79,160.26,247551,6,0,calm
0.5090110429231086,0.42673308629920237,0.3682399283991048,0.25349501779018113,0.24412970359920597,0.4179329730776394,0.49680496907159266,4.77,130.4,294136,9,1,calm
0.7818339072814195,0.6628910590078846,0.9750793975038643,0.2823589612553551,0.5933447901669956,0.40690177237122105,0.40194003592082794,4.86,183.06,235997,9,0,happy
0.4077576309778329,0.10535885502778819,0.4596285465823276,0.17766802526716086,0.20928542367119138,0.21812342269853213,0.34030626741291775,2.23,81.32,167515,8,0,sad
0.5852856439401765,0.44195696815633345,0.38046327144323944,0.6728705066574082,0.1712416632047369,0.34176776562640354,0.3512660261370699,3.25,143.08,271828,10,1,calm
0.7724876599661483,0.7688413237453817,0.8172478052565915,0.29081785291112006,0.35449704010300215,0.9763201456888217,0.6213401096615554,3.86,170.73,288618,9,0,happy
0.6996656021917841,0.9100440456441089,0.7371506449041363,0.17573650706382957,0.34338756377577395,0.4582914658830707,0.45540209265953896,3.99,121.02,256869,11,0,energetic
1.0,0.8711551448956377,0.7337273224068457,0.24890920935755867,0.5032476938434414,0.2836171168376233,0.3144149313610652,2.33,101.13,127469,6,1,energetic
0.23459644997392978,0.27862887080359244,0.39338569824630887,0.445836182672932,0.20342622738017854,0.2576822036475831,0.475359378790375,3.27,171.12,130945,11,1,sad
0.27652737851357595,0.33145948148376314,0.4749985293516585,0.7668213746683209,0.0523736493009632,0.13421380786609408,0.6497906416975137,4.07,167.39,162760,8,0,sad
0.4461330713035422,0.35386339156543845,0.154837149067935,0.679228851450675,0.8342155202174202,0.8053750380163548,0.5505947652084818,4.58,86.6,181819,9,1,sad
0.7766136689541363,0.9709718179901681,0.5945632842940648,0.28232778977896766,0.40032659926962944,0.6048558325257505,0.535794003882435,2.78,169.39,242408,7,0,energetic
0.3884070385127433,0.5348183073212631,0.40005005722673304,0.7594910501823198,0.6032317701658494,0.16411741136338512,0.5232324805411948,2.29,95.46,149037,7,1,calm
0.7370674357089818,0.76874888073406,0.8120713528874969,0.5484725481847698,0.4287194583794457,0.18083520917255558,0.07503399700937849,1.1,104.35,278848,5,1,happy
0.5066878600603827,0.24260538741801374,0.31067561945500727,0.5021654710837388,0.25603189365904905,0.33841752321143587,0.7394667633055317,4.5,108.66,133029,1,1,sad
0.644974500284739,1.0,0.8179396931862288,0.30969075019602904,0.1995544303241228,0.36186759778908134,0.36840960569737247,1.6,169.75,179840,4,1,happy
0.7358746797640137,1.0,0.8478174528422827,0.605916534391353,0.14344312705918347,0.3437217488568451,0.30266172404781105,2.37,176.84,288387,7,1,energetic
0.5463205681874362,0.3871345833131434,0.4771281024200767,0.4793491424494183,0.22761792653124363,0.2173997123068718,0.262956763545313,2.21,131.66,141769,10,1,calm
0.5782806824992424,0.6386016585885759,0.3168728278906211,0.4201836924109602,0.589422297161965,0.558314096457223,0.26599245413065253,3.16,132.48,121579,8,1,calm
0.5063943446228063,0.2510700998371682,0.08321921033816618,0.4186396390853842,0.6839111193996289,0.20996005815175206,0.4050655643636935,3.15,140.61,236127,4,0,sad
1.0,1.0,0.8848971256572765,0.20852218245895765,0.5207204682125939,0.268074468651326,0.3420884849966611,4.08,148.91,162694,10,1,energetic
0.4221641579503877,0.3775320674319847,0.35446830242781713,0.6039145301621585,0.5207756888529427,0.756382194398561,0.1278017824635909,2.49,74.3,281993,9,1,sad
0.7050496990626267,0.5431878276200033,0.5661520178299909,0.475820454117562,0.48569226971258056,0.3172903608942355,0.4207321629009117,3.21,76.94,123073,10,0,calm
0.4856304882337826,0.04202699526505094,0.5521846320457211,0.42912403495592233,0.3681042017633566,0.7371527097157066,0.3737925912940658,1.69,125.96,280512,6,0,calm
1.0,0.6311452490231649,0.8872585047455759,0.44985323818951245,0.5470510579183051,0.30652795956908174,0.17490977825490076,3.31,182.21,275452,6,0,happy
1.0,1.0,0.5698116305873269,0.48441969147143155,0.2851396387327549,0.3765298350267884,0.7625532848558376,1.89,86.33,197043,7,0,energetic
0.5344185835595128,0.3923320615529887,0.9920449384533676,0.5114046164436592,0.6626618208097219,0.44957709938523305,0.3245929214726474,4.46,73.42,185854,1,0,calm
0.33596812408205845,0.5195249417213708,0.18382130859038642,0.36249886731403236,0.6674925332118828,0.3540751218446164,0.3867678782338619,4.02,122.61,175751,9,0,sad
0.43374113737464254,0.583157005192542,0.5902751105056393,0.14729494208129618,0.17621198863210916,0.33186737161548724,0.15159872281243975,3.46,134.15,298267,7,0,calm
0.733313151073369,0.8598042466240555,1.0,0.6011267166476785,0.2069426665308189,0.2570862198012788,0.27663567359136176,3.74,65.71,232490,0,0,happy
0.8451411198647498,0.6006064361581229,0.8855898002889739,0.5622048664619854,0.5834424870635916,0.5818146540096207,0.2731993718860697,2.29,173.38,165835,4,0,happy
0.887656069669131,0.3788445224407108,0.6229034023954134,0.28081547277388297,0.395405660200896,0.3399044853469515,0.2217465355538635,1.51,118.79,217144,11,0,happy
0.39526641056634215,0.5942389201831115,0.3567176794255589,0.42565715191586184,0.6701523399054627,0.18661358939975664,0.757802803971113,2.63,117.23,177160,6,0,calm
0.4524255356938237,0.6232194203683475,0.4143179546563329,0.1434928481425663,0.4470428427088759,0.41011374080787916,0.21594383511175327,4.26,64.35,121752,0,0,sad
0.6479824294441556,0.5892914374507913,0.8271876743903076,0.43779238154775424,0.5567585831245931,0.4736887943091,0.28041844499727087,3.71,102.14,153128,4,1,happy
0.484248873723514,0.436725880614993,0.49128086046486674,0.3237232506207021,0.4448870717354378,0.2761180471042605,0.3612263410993262,4.02,141.63,288456,1,1,sad
0.3612045186649264,0.17439535147767332,0.19447140274993294,0.19959415559658147,0.28649812093170846,0.5138289519247122,0.3382155344404758,1.75,147.42,242284,4,0,sad
0.7155378534898961,0.6719776944302401,0.703113416175122,0.21936892653150836,0.148902899227556,0.11240664591884313,0.7996737771212686,3.32,158.91,125971,8,0,happy
0.2921339228969448,0.439008177319117,0.43503084801757413,0.12670077774149854,0.13027243024952792,0.24533646084491112,0.4649179280277877,4.5,158.69,124565,4,0,sad
0.8462154096059677,0.6836210358249171,0.9701959549731586,0.6318133966039069,0.28839554250891836,0.35224189596746164,0.3178310975909494,2.68,176.6,123461,7,1,happy
0.4637456399930147,0.4863263091635026,0.050514828114076565,0.8891455558316373,0.26032277244555674,0.10509009140521894,0.28448836946241995,3.51,199.17,216724,4,0,sad
0.3758785066128023,0.6213525743932786,0.3512075958969727,0.35181720071166545,0.3298289664833195,0.34361761420666065,0.28775832079810615,4.28,93.49,249752,3,0,calm
0.36121225371126287,0.4558838343614076,0.6961713994037082,0.11965912663559664,0.22406826990635045,0.5089281365492747,0.6769084692163871,3.64,87.61,255088,4,0,calm
0.42660766614288725,0.40692754247742663,0.4779109613030853,0.5936025420092855,0.45485038326950167,0.6856220955250895,0.498590479659243,3.96,114.38,233308,5,0,sad
1.0,1.0,0.7576327247659708,0.6488790883365166,0.17196365578933023,0.5780891999393217,0.11852083184785712,3.74,169.14,219264,2,0,happy
0.337652260501504,0.5769574517051052,0.16526880908164826,0.4848167215237047,0.4380420589413274,0.8842462866563683,0.08185351158566434,2.0,117.45,255999,3,0,sad
0.49483370697065443,0.24402821023144902,0.34316619461589315,0.5530488209856952,0.7213907416371236,0.6607268577892631,0.26823244061358525,1.67,142.09,154131,8,1,sad
0.8009876062640021,0.5299334715211275,0.7060077036390586,0.28059992881953694,0.21113762040396516,0.49759345820823914,0.4552976275948982,1.49,169.71,271939,6,1,happy
0.2311965674802322,0.30988781040421487,0.3783781149663585,0.36687126562925865,0.5286564409891756,0.3414162034046251,0.7392806900842305,2.09,72.36,269425,5,1,sad
0.881269582020511,0.8427893204292879,0.7569924336509198,0.3374316742229675,0.5146834043539685,0.5054168703056507,0.5677316172628593,1.69,108.23,131077,9,1,energetic
0.39809272146319297,0.47580714325009865,0.5606076285221807,0.6491385816334403,0.07544998668702999,0.1616891895186843,0.3095909375797926,4.94,93.89,240984,10,1,calm
0.5703440133138894,0.8232393016074713,0.45270550170708135,0.3344204954980178,0.7384961020513541,0.1346881314189734,0.10363686629157749,4.86,84.47,236645,10,0,calm
0.9579909394597969,1.0,0.8135672271183303,0.14820091706183028,0.23698341192900915,0.27561791856549833,0.26840468369516407,3.03,82.06,233921,8,0,energetic
0.4799977467914064,0.3037876314964849,0.4666016526081138,0.314972044299118,0.6858682390130685,0.6050853486666947,0.3892795494572072,1.55,135.39,146260,3,1,sad
0.3309328372393548,0.3532250681200091,0.9132826615579852,0.3373007383516584,0.7472513352617185,0.29501991439472286,0.4804189067690896,2.51,96.15,163824,7,0,calm
0.8713399590205446,0.7070525819685617,0.9834756425887186,0.09914902554628521,0.3824689868694475,0.6802563009155161,0.4978758056806321,1.07,198.28,196999,0,0,happy
0.6618378476891313,0.4523444403399789,0.4226841062846064,0.4357676685098749,0.5659591465896523,0.4104192547554855,0.29082472039517726,2.6,110.51,268744,10,0,calm
0.366051684468933,0.49552747749967585,0.3654541543851323,0.5026443931692167,0.1641855498284245,0.6169823076073759,0.6323940283030081,1.2,73.26,125914,6,1,calm
0.8018777723387948,0.7409190079428969,0.9437499072027712,0.2115480776399914,0.372750471268242,0.43974200466393143,0.38321008474236407,1.78,194.76,147810,2,0,happy
0.45363866621963966,0.8197383669097629,0.614074986505578,0.6962256855366286,0.10892046677308899,0.5100910138625369,0.7397977410455938,1.34,134.36,242202,8,0,calm
0.9132799343645847,0.9490928019245669,0.7648696698767412,0.6196258676444274,0.11302767657846353,0.5055273031974631,0.7453500424201521,3.32,172.77,167117,7,0,energetic
0.6067672506938602,0.1730904344645872,0.1283258990098282,0.8071804195293684,0.2850230182407805,0.10549848783948329,0.3143587563546657,3.38,75.02,233685,10,1,sad
0.33470654376270403,0.328226329618028,0.5305746101079148,0.7475480408250604,0.3478347465961178,0.11073977162145299,0.7193356601525417,1.25,125.86,143503,7,0,calm
0.3541132956274588,0.5702847695860809,0.34937432484109576,0.766130796247425,0.3399549071549201,0.38293564575964484,0.27461161448126925,4.63,136.4,201464,4,0,sad
1.0,1.0,0.6043011499519911,0.12062459327721732,0.7859151583672691,0.5102824537227941,0.17586647703939126,1.25,113.63,179030,7,0,energetic
0.3555468497304638,0.1546237231490777,0.3283235451636903,0.37619838775535813,0.6427957728826011,0.4696210470013571,0.526290515566776,2.73,185.08,133694,11,1,sad
0.8774936107108475,1.0,0.9354017214048873,0.4838630951799529,0.3255164161484476,0.1975948353651246,0.1222913069167241,1.95,139.5,270322,0,1,happy
0.8742579422310726,1.0,0.9103934429991155,0.3725202622383794,0.14871680491089884,0.24284329786076206,0.29462164720712986,4.42,180.12,282407,7,1,energetic
0.22069236020876104,0.6186881536178173,0.43531612781146634,0.4177041590956803,0.49537578678320704,0.023811843459725455,0.163307370250248,3.35,69.34,269340,11,1,sad
0.46992476221520607,0.3247336374387062,0.36600544357472825,0.18412764642611443,0.5113967480010786,0.20307260434848934,0.5484167997947254,4.59,64.49,125043,3,0,sad
0.41067409036947056,0.5816867420128377,0.35438037195918226,0.2528259322055138,0.8291839094557804,0.33366217211653,0.49372855723844195,2.09,188.7,262906,4,0,calm
0.6328952269751416,0.3658186431309267,0.6566926834082929,0.372009999949021,0.4995440111877886,0.35748892002622384,0.7129606162825177,3.01,124.84,148370,1,0,calm
0.8563373041764883,0.5920319538476166,0.89599395359923,0.1414853316311259,0.35088325586012103,0.4676434647629846,0.63417208236925,1.89,87.42,143512,0,1,happy
0.5237786126215286,0.5133398257169424,0.36715705711181823,0.5349694075830127,0.6791932527970316,0.44678582557523755,0.25202856567638515,3.5,183.5,268918,9,1,calm
0.9872090195533784,0.8750636891518755,1.0,0.22228199411919677,0.6781311802726557,0.5756338900870217,0.3295697926431718,4.38,129.06,209703,8,1,energetic
0.8343349785242429,0.7148019889331203,0.8895151369968599,0.21960042417093795,0.06387033332251334,0.3881352977096707,0.2611954810718752,1.9,155.82,145521,10,0,happy
0.8790294278381187,0.9158610288775144,0.4916669641133119,0.03156415437539439,0.31905980593068256,0.24577612009007274,0.48591187927909707,2.72,96.68,207609,11,0,energetic
0.7188025847706524,0.806430425608966,0.8926625267130928,0.4247876550269479,0.21491412862328782,0.22723211113700764,0.30573690502426715,4.19,107.74,264983,0,0,happy
0.9017158108265024,0.9296122262749502,0.7305808791241919,0.5350421057840129,0.14070061703489956,0.28942633849156696,0.11111325903978606,2.39,133.75,169987,4,0,energetic
0.7087057897848528,0.7517146411865032,0.734668102819605,0.07102254295694244,0.4543227161083642,0.3033105945682503,0.4977171158408455,4.11,143.99,211261,4,0,happy
0.6991737834254442,0.9688483377402225,0.7735898282288801,0.2436706633487164,0.39125008188993726,0.5926855666670117,0.4366180250925171,1.54,124.91,249291,7,0,happy
0.8579399239174004,0.6977035226240507,0.8868937249401633,0.5708959558828256,0.5356385454933099,0.18152749441736651,0.6517938898072485,4.15,104.16,243864,11,1,happy
0.8653634261335325,0.3988647967955839,0.9601184258352128,0.5544284385335885,0.4793151967089244,0.14754889933882667,0.5416947950207124,4.28,160.58,216306,9,0,happy
0.8588573392883998,1.0,0.4195387450456869,0.27166601552149944,0.8260001926995977,0.1642915520116232,0.4340408323775659,3.65,70.75,183839,3,0,energetic
0.677011688471346,0.71553010760556,0.8194847806394386,0.19352751957908054,0.39398228127155815,0.6155913456178661,0.7431841480835016,1.16,175.8,229381,3,1,happy
0.5101554650056551,0.4455628465221084,0.31366115758023416,0.656296745510962,0.45494436337407,0.46424529551678984,0.06216198406418042,3.33,112.4,279140,7,1,sad
0.2871306999237341,0.25237408274311846,0.292121234745097,0.20023746934754516,0.6488894789991563,0.5233895779532486,0.1600205771960373,3.47,130.03,208879,5,0,sad
0.4350668688079606,0.5521295564237112,0.674526315193248,0.34508017998008034,0.21174775364321272,0.6728822215725188,0.8327832383633603,3.81,93.24,212225,11,1,calm
0.27689675200758385,0.5744574588822107,0.4975155023165745,0.32097007508997205,0.19511344984813256,0.2837476527971426,0.15106072847670354,4.46,129.17,203228,9,1,sad
0.44888784207104676,0.5700066409260791,0.5403405352336106,0.31687549658368,0.64925041085468,0.06389963739937714,0.6917880225657019,4.52,187.22,239012,6,0,calm
0.5839110922571653,0.2975768443579604,0.6648751343191763,0.3545447625015713,0.1796747729861712,0.7722127448057725,0.6789062860549578,2.59,148.37,233176,10,1,calm
0.5106720346756143,0.5798566292428462,0.847998803187888,0.5625259429486049,0.7946475859465706,0.353095546175296,0.3697001885575396,1.8,189.7,248576,3,0,calm
0.8662337048543387,0.8621110667524239,0.7417245922773561,0.32481414587187474,0.07909327996943655,0.5587153494085187,0.4709562600766837,4.71,169.93,137733,10,1,happy
0.7589308188772271,1.0,1.0,0.3296596658250953,0.22691799999234413,0.3912137453266695,0.22297806945676432,4.69,160.55,264230,6,1,energetic
0.5344966706351955,0.2052272379229078,0.5925921788912698,0.3237034794532474,0.5337973951263996,0.20847688233562248,0.7578424173558702,3.06,156.0,236915,5,0,calm
0.4933649102819214,0.4598024078155766,0.33762833297876416,0.4119308920083238,0.4049338432383156,0.4274811403852521,0.12021885131048338,4.39,122.81,143890,4,1,calm
0.19202106638393657,0.4316550593936425,0.33381947316835575,0.7325501866056103,0.1495997552720473,0.18802629542305715,0.7566464920472554,2.62,132.86,268354,1,0,sad
0.4086461054384673,0.5548516349164404,0.6625696364366445,0.30267377500524156,0.332782161755336,0.7366587033852349,0.6419057069011136,2.9,154.8,177658,3,1,calm
0.7028713833516891,0.31014098023850367,0.5239734488163184,0.6424859597474324,0.2337644680647821,0.2627277808065081,0.5007778556826534,3.37,167.56,296428,1,1,calm
0.41326566602935616,0.39065336015808827,0.5441290884756893,0.07874228722023657,0.5367958576685995,0.15614624535186322,0.2483623828808101,3.1,76.78,162293,3,1,calm
0.6569439971444991,0.7892364937021443,0.927605732539825,0.4808460925702495,0.5748883020938641,0.48501696089604945,0.7010030881736777,1.11,89.28,278707,6,0,happy
0.9439574384444246,0.529047887451649,0.5871327839996316,0.5261843709357393,0.5169677009725364,0.1407125712124173,0.5921184805775872,1.61,106.07,234774,5,0,happy
0.38541360429017046,0.20376574533959008,0.41310830405807103,0.5318628814637872,0.20345764648009423,0.32519063175709567,0.7790811204964475,2.32,161.48,230160,8,0,calm
0.5294392759136207,0.5935252461380783,0.5390562002764192,0.4786678126226431,0.17834463055606087,0.20925349634562804,0.3097417541693097,1.53,132.61,260232,7,1,calm
0.6666842689346345,1.0,0.8119990070838715,0.5684258508590398,0.38295529152701424,0.37080829541515464,0.49306857883475036,4.78,179.0,240424,1,1,happy
0.4458710171559013,0.3624816098388233,0.49515786497434494,0.6849295010662309,0.11378368286320382,0.5235003308871897,0.33753235513058194,4.18,146.81,216022,6,0,sad
0.28414123745112674,0.4633834942019487,0.034326012441780906,0.5010273481008013,0.30168497772614666,0.7674337358290514,0.416598039708567,2.49,78.54,195594,8,1,sad
0.8032686234438577,0.7039760769062956,0.8667204497029363,0.18060668066145857,0.15936805417055816,0.6228537526236221,0.5579927279106515,4.29,116.84,297243,5,1,happy
0.3794767354964955,0.18132772574370085,0.6322899378149609,0.8479366772668017,0.4274859655274273,0.10379191513005305,0.1895661635862055,3.01,119.93,242562,1,0,sad
0.7702436496640008,0.9063560219967428,0.7774916619451211,0.6300868847365332,0.2721908069805605,0.30640017923705176,0.6846795999596739,3.08,127.09,124615,9,0,happy
0.3712793820216731,0.11979057380385694,0.4271123569725149,0.5167915294341268,0.44933425676569977,0.29668231687075713,0.34996802835672375,3.29,139.91,284553,8,1,sad
0.9111129375296513,1.0,0.6332789742744265,0.41667443709537716,0.22807829950806352,0.382118751027891,0.1797703947103251,2.92,137.26,233719,3,1,energetic
0.41561053524822056,0.17961391288894424,0.44281316562274115,0.08903698490899835,0.3937107357934704,0.40694081369503443,0.2896037016044449,2.08,194.19,167906,10,0,sad
1.0,0.6336491619747415,0.7972117016820259,0.831685473394749,0.5498094597415472,0.6446658409242646,0.3103202526345932,2.27,169.49,151557,7,0,energetic
0.961700377571513,0.8464882461347709,0.7834182697800948,0.48493261254090886,0.35349356270205695,0.07464082043098946,0.33363886940176285,4.59,144.9,121655,8,0,energetic
0.7239871586782528,0.7176766489211951,0.6440047772574423,0.20917982819329667,0.5560736064451159,0.9047572994354619,0.19395121880515384,1.76,126.57,132426,4,1,happy
0.36252161499616087,0.47077176092592177,0.20931298685187813,0.48842011010703407,0.45719304724926996,0.6200761370309053,0.2934886565685356,4.53,100.36,201929,11,0,sad
0.8797975254581906,0.6167336158107475,0.8018254523424359,0.23872433973797158,0.18400114992294203,0.4981903912117968,0.27682273060021284,1.47,143.51,169496,3,0,happy
0.4033023856870787,0.492843296578703,0.49945961913641473,0.13687735183332253,0.7784374457893236,0.4184114250943085,0.16111543980107682,1.67,74.64,234557,2,0,calm
0.5845442437478712,0.6889443842751556,0.4362862166076362,0.7820544651499906,0.7843313516001791,0.5546526231342002,0.6701556602641507,4.05,73.81,296780,5,1,calm
0.3756676071593901,0.5843474930934888,0.5625895171787278,0.523944893415864,0.5737961770233038,0.6273703834318461,0.5306438795045788,4.61,81.53,298215,1,0,calm
0.4426281180679607,0.5517227778364313,0.1956425405756397,0.43003752566269526,0.19367557004781244,0.522600671729376,0.16823853564100624,2.59,97.62,182567,10,0,sad
0.278971088576962,0.49459981148315096,0.2935440101645116,0.1614664662380659,0.1602111203751596,0.3994387577233149,0.08282770450081615,4.65,92.78,223969,3,0,sad
0.6404615099824255,0.39413567301344193,0.6156421328611071,0.6270350644494053,0.5610424729044986,0.05462734838034209,0.25953504255988563,4.22,175.53,276276,10,1,happy
0.4465773318490823,0.5601125429548599,0.3830549887885272,0.17521078014922833,0.4273603792020104,0.5982563831245352,0.27623663799255693,4.68,196.65,160010,7,1,sad
0.6367520255332284,0.7367183942149274,0.8053323843804102,0.1527168322484576,0.4755040221257079,0.3704418261349499,0.3988066821564305,2.95,120.96,128741,10,0,happy
0.28344706104236883,0.35018901238806854,0.18420667209371636,0.3350109988465028,0.36178931368400197,0.8875288618862964,0.8485858941156973,2.98,95.34,292004,0,0,sad
0.5197368462234692,0.4199704731952859,0.4058372157295183,0.8664843431159319,0.04427967406707322,0.5909553383294162,0.46012620442205976,2.21,181.46,210955,3,1,calm
0.838052119787992,0.6189219248278165,0.4886676347200412,0.4056687745190564,0.33945403186121803,0.5431546660222831,0.7221958177048058,3.92,81.36,123840,0,0,happy
0.6218207645524457,0.8572730656315748,0.5081756326345308,0.7648645492930946,0.6163020277344371,0.35050990190606474,0.6224556686606261,3.17,141.24,267190,3,0,calm
0.3925005488473192,0.22415686447738195,0.23782425863005208,0.5414144690426187,0.23479380022035806,0.16342962093373756,0.17747975487167392,3.73,183.28,141153,7,1,sad
0.43651690010483213,0.4367345952569094,0.20950547268327674,0.5224341817823217,0.4509549828704047,0.5323194243367405,0.3434229531362404,2.6,165.05,133171,10,0,sad
0.9146935298386688,0.8216802644970012,1.0,0.6735059020311166,0.3364170211860634,0.269270140922977,0.4281223575636642,4.13,191.25,244546,5,1,energetic
0.8437906189851814,1.0,0.8618517043620304,0.23710378777073923,0.5270808214881119,0.20165567344033705,0.26152727942738385,3.13,73.71,262291,1,0,energetic
0.9271452794276609,0.8078811047660133,0.8500000039115865,0.5235459017497018,0.17391438978548365,0.07959402344562848,0.4846636005864061,1.8,72.41,176022,0,1,energetic
0.5297297533925546,0.3880935789969532,0.3321694901201327,0.38604084404519456,0.1855272287872605,0.5180137808155767,0.14669551562710695,1.75,128.46,263627,8,0,sad
0.8769164272880763,0.8071312957896858,0.46738342814152145,0.6052637785966023,0.11531769476526946,0.5115457222711568,0.31660229773370047,2.65,67.94,290586,7,0,energetic
0.5505538876903208,0.6111431505007199,0.3524697431080816,0.3562317891285192,0.6290803378916928,0.21904339779333665,0.5280333458588128,2.39,122.23,122180,5,1,calm
0.8725638811550969,0.8966697328400206,0.9361780353211816,0.29810074808146786,0.36877817126339324,0.2668345996102624,0.6055712439344832,1.65,137.34,240500,1,1,happy
0.30391548585318084,0.5058107913787561,0.5622312348633658,0.49909570894971345,0.11527466764026008,0.39564219165812725,0.08126679689053717,3.0,170.67,199791,8,0,calm
1.0,0.7381723558007116,0.6917464678122476,0.278824164355809,0.5737280104129873,0.5408281743532537,0.13312043492992687,4.49,97.29,160248,9,0,energetic
0.8465851650311903,0.6469125864820393,0.5120312817698421,0.8114701595099335,0.2637480871134685,0.5313150667614934,0.09785930731838084,4.85,148.89,255870,6,1,energetic
0.916685902986154,1.0,0.793158911546104,0.06276178451561303,0.6846908608711567,0.46530465170273755,0.15956019168164323,4.74,182.5,252579,9,1,energetic
0.4645012715886712,0.50214848873159,0.5234281734411316,0.5501300401067708,0.32780783221674126,0.5784487715438736,0.1756190280723486,1.94,176.3,218068,0,1,calm
0.5784180210379167,0.6290375879777005,0.5487496587989821,0.4475838871578729,0.6567366327961688,0.6789703816712122,0.4124479296715208,3.12,153.37,183076,2,1,calm
0.9208322508625593,0.9524664778846139,0.6478143090910644,0.42065127124635054,0.2188636624066424,0.34339691158243113,0.2861994777426333,4.47,176.82,269941,6,0,energetic
0.10828660275781204,0.5887159418297695,0.3042042526372313,0.45879287439127464,0.45915948637582615,0.3176345765401748,0.3776680288505638,3.27,62.72,162444,10,1,sad
0.8496584190835609,0.6460751835031873,0.9789655509998403,0.44015983546195686,0.3808179747368407,0.23479559598977115,0.22839416862092124,2.59,96.81,187589,9,0,happy
0.4417532835160637,0.4906440069867081,0.8273036822712418,0.6549711257802207,0.808531984763703,0.010091184814292201,0.654350127914296,2.68,134.2,232512,7,0,calm
0.9087569907026516,0.5519985594088177,0.9086973845119112,0.6911184831209595,0.3636218399500758,0.6590662771040043,0.697236165393598,3.95,127.11,136887,7,1,happy
0.532815039070446,0.5862702655476693,0.6216958258546639,0.6126024413120366,0.6109218530389476,0.1326208438214475,0.3147661869983189,2.43,191.68,163280,2,1,calm
0.7929783515915425,0.8286170104253261,0.4346576639027669,0.4601487603847964,0.2066919663121444,0.48457791994996885,0.7123810762722887,2.33,158.28,289819,3,0,calm
0.3641390680542458,0.27639117376914824,0.40580478153426763,0.2906732451940698,0.4795499992439409,0.3437851937430583,0.20318146467925066,1.69,196.14,200786,1,1,sad
0.6742659699571156,0.8361242152625883,0.805384182465155,0.5608722420405714,0.22125073093760614,0.37414541572800475,0.16306778959547286,2.86,183.07,120926,10,0,happy
0.6435435785839352,0.16859725912649842,0.1751777621430498,0.34826340525877647,0.3823335400760995,0.2335369429170979,0.48274444966317304,2.66,159.79,189518,7,0,calm
0.4592040236700633,0.4217620974263866,0.2013318916056634,0.17084889461646047,0.2245262214449922,0.4587020625090362,0.41749377514587527,2.64,158.56,159141,2,0,sad
0.5254173892246202,0.3055247348778757,0.2731106748741776,0.058538514730003766,0.14295973477343335,0.2836710917715368,0.12055124352910418,1.41,141.85,243877,3,0,calm
0.34072007668213533,0.3964909059634081,0.0,0.15692856281563355,0.2497430422959779,0.3487791663408931,0.3845869197320238,3.83,114.72,271435,1,1,sad
1.0,0.7528623835559554,0.500812289246909,0.3495501296574144,0.5521621704613314,0.3219986465554419,0.5910963350691496,3.12,65.87,294327,4,1,energetic
0.8142933283028906,0.642882869148887,0.7348113278260981,0.6528019096690411,0.27458000831294926,0.5002370025996182,0.3207909081279289,1.9,113.76,289170,0,0,happy
0.7285469617774107,0.5536354625562612,0.817196785164705,0.5440402635775643,0.2615115360926447,0.3571713588430535,0.31624741695973396,1.66,143.74,212359,9,1,happy
0.40148055972126523,0.7107413493827179,0.4268915875564842,0.5639188895456759,0.3069821675181842,0.22314274567402578,0.47257639769643084,2.19,72.57,283948,1,1,calm
0.418160906625351,0.6908788853649199,0.08984957427658741,0.635388976323297,0.4492753075647432,0.2783504989616748,0.47616246107943305,1.64,63.5,200826,8,1,sad
0.3345720624036753,0.483444336054947,0.3540999472394987,0.516929812813535,0.3398858667499419,0.8103691960205708,0.5477194712041482,2.28,91.39,264223,7,0,sad
0.9646186012136527,1.0,0.7951114991558852,0.3101712445035706,0.07876589027779897,0.4490444707948914,0.29857466085007006,1.37,110.38,169357,5,1,energetic
0.8729911492882875,0.747301278835098,0.8740480347959132,0.17164728888243033,0.20004996009988152,0.03226999465080809,0.5379273843083688,4.9,83.82,281682,1,1,happy
0.7543667895301528,0.5274210363808005,0.4858846027310725,0.4078672809491887,0.6820393375660802,0.5220914752566905,0.22800529376179324,1.12,175.21,157755,4,0,calm
0.8827393687205958,0.8542340054027482,0.9985292793596658,0.3897634438145407,0.5869113391404943,0.07955839758158564,0.21217206860885923,2.7,185.83,228287,7,1,happy
0.576772105744279,0.23856871154723133,0.2791997884492382,0.8565847314179408,0.3133194715999451,0.5793334021940563,0.20211738178697639,2.15,78.28,139052,11,0,sad
0.377611274464379,0.3455078157582309,0.34613274155476004,0.5827928645719288,0.4616943838459393,0.24451405026417083,0.2336919186173872,2.27,154.8,290620,3,1,sad
0.4121484468862776,0.46389252486471666,0.3272734979394626,0.43083714985766364,0.1301770686854349,0.3993744139910786,0.23592530070913842,2.36,64.25,152118,6,1,calm
0.9754465828935119,0.6739797532747064,0.6679554537271921,0.2751475254392771,0.5677179217330439,0.4526406985225201,0.158672300046882,3.2,98.98,168949,1,0,energetic
0.4768515013999788,0.4981981890050805,0.5072420420599111,0.38000993390585525,0.8325407326765177,0.5142066789509808,0.4905116793022638,1.19,189.93,136405,11,1,calm
0.3082023895389264,0.659675444765095,0.20468851796568943,0.41116094628496846,0.5553060475847608,0.4546551314340099,0.6669034761520332,3.09,76.34,143231,5,1,sad
0.993406610667443,0.8820511646290276,0.9271421103580725,0.3487350750594333,0.5726783300768147,0.5718727728809768,0.12761446489872685,1.31,82.77,189848,4,1,energetic
0.2781153304122518,0.11605375029564857,0.3360509686963463,0.22994596860884992,0.06104407262378274,0.1066406762218944,0.16653920045970821,2.5,95.34,291994,3,1,sad
0.9444105966648765,0.9202673509151588,0.719022800591596,0.1975218678179029,0.33433791322820505,0.5205032305564822,0.376818161795171,2.09,91.66,165808,3,1,energetic
0.4189066775361179,0.4058475079271203,0.43591033371753496,0.4115237148724548,0.042831389993932344,0.5508555257439511,0.0634113044470056,4.62,84.39,257475,8,0,calm
0.49813141279987816,0.585356760894826,0.3639743728379533,0.44570073409258637,0.1836836285337852,0.258603840105749,0.31416068462665586,3.22,149.19,214730,1,1,sad
0.6647360989806433,0.7001029403270448,1.0,0.36286073728452095,0.7615977807528157,0.7205256918549457,0.3492795297874065,1.68,192.92,158878,6,0,energetic
0.6655513460052506,0.5709313600364442,0.1569727684214537,0.31939321905310514,0.4013254767077485,0.11328916740439018,0.08794591972699858,2.72,114.99,298327,11,1,calm
0.8632683376968979,0.7660080266205779,0.7777960943137399,0.49303667073498336,0.15343682246511733,0.5156681437276658,0.2910306193383224,1.34,135.82,252593,6,1,happy
0.5195336118002816,0.2228780777036733,0.4671482542003308,0.4080799341215339,0.4178572121202165,0.22857857142028304,0.4070867183159765,4.59,169.65,260467,7,0,sad
0.510355847249732,0.48751509345940147,0.5138196722497446,0.66374525211396,0.35137223729413475,0.5628644772339059,0.6790984690125642,4.45,133.58,215103,4,0,calm
0.7864757104367969,0.7683534503000876,0.6377445740629398,0.1519138676214311,0.4090067359487114,0.44133748253336114,0.4336209046353681,4.13,67.86,273491,9,0,happy
0.35533984219246295,0.5000887115337643,0.48276017417832595,0.6542695462607052,0.3049483576696984,0.22096564113109204,0.6948159835327777,4.11,144.34,170319,2,0,calm
0.8896992124231359,0.9868748697393681,0.8684067737888118,0.2983567351848696,0.6869914379121389,0.6078173242554797,0.6632441461682539,2.27,158.28,282804,9,1,energetic
0.5222639251928969,0.5773148116997925,0.1834404445455901,0.7487888400123827,0.16352708940738744,0.6637499500228852,0.3914736710813824,3.25,109.74,149584,6,0,sad
0.8374820404525675,1.0,0.6724423257054549,0.7114894986666118,0.2834379485697093,0.09090568566574167,0.2319971525823077,2.7,194.44,221789,0,0,energetic
0.7451135738736502,0.5049229826455668,0.8431276846235629,0.4957967088684451,0.5768659650144491,0.30274701529158426,0.2306485697010739,2.36,146.65,178271,8,0,happy
0.790500070358925,0.558050774624456,0.9664495495402177,0.2895098952451246,0.3196142202797541,0.2976310989615797,0.3212383108781696,2.83,139.24,222976,7,0,happy
0.7200888075439363,0.6461587082040571,1.0,0.3480550413372683,0.7719847805472613,0.5721360222731819,0.8254094114725602,3.79,125.42,154374,10,1,happy
0.6151472911348395,0.8887043368888748,0.8485579354917029,0.3143063967934155,0.6458201858381848,0.35694326274071214,0.7349167798367886,4.26,123.32,188264,8,1,energetic
0.44507576272929966,0.3615762335167831,0.49130601108948113,0.26585742004144386,0.6448989163547879,0.05752461302014345,0.4038107501105862,3.05,173.96,259834,0,0,sad
0.5305243126531353,0.6433906213646547,0.5207978938209279,0.3791055012509867,0.25027686815268274,0.5546628578613869,0.5557248850039932,3.66,123.39,270397,11,0,calm
0.5329568348990007,0.6763588888210648,0.5459208711849688,0.21552584425521243,0.11236968943542676,0.6791040013952688,0.630780696310744,4.54,119.55,142880,1,1,calm
0.28311008707038515,0.41700915879500344,0.36884910025114365,0.364628290272528,0.23459513009106372,0.19436047205266757,0.28455088670869916,3.14,183.12,193804,0,1,sad
0.8048008488483005,0.7919728755435551,0.7986849074540673,0.5037027827278285,0.45643837480370963,0.18015758731260464,0.2694435079912222,3.58,74.16,206057,9,1,happy
0.8826047171441507,0.9948012192583127,0.8809670388487936,0.15499797853583216,0.40711538999436014,0.2560478762955493,0.4258965769216023,4.54,113.66,208830,7,1,happy
0.463850438125303,0.1576273337278117,0.6379051058350296,0.37243037791347283,0.4683406442887931,0.423823090389376,0.8810513136459635,4.86,153.27,273963,9,0,sad
1.0,0.6164639003794505,0.902256317250707,0.5194246537402998,0.6624001895867436,0.5785620057452817,0.40844879018471386,4.19,177.94,192221,11,0,energetic
0.622975513055798,0.40500722219807833,0.5879118551510545,0.5483426782940128,0.6422574683773078,0.4158212341386709,0.40385855717216756,1.28,108.39,253793,6,0,calm
1.0,0.8214430388787645,0.9872823451933046,0.3683147856725695,0.6603438749516705,0.6608706379737883,0.15850050895563383,3.27,80.83,198163,8,0,energetic
0.40940155027135877,0.554427685919784,0.22476046649652498,0.23147660861825003,0.3218626880026882,0.22093855437152576,0.14647470755537997,3.22,186.09,126082,6,0,sad
0.760835143257821,0.7028170456474674,0.8980567820384291,0.47847665633137804,0.9037012300247742,0.4858212942982453,0.25197766313062336,3.37,172.92,205767,8,1,happy
0.48696548540127915,0.535197800773263,0.537913326130683,0.7829793723921922,0.04371897986299242,0.25301183957414564,0.7476306176893377,2.74,101.23,290721,5,1,calm
0.5167854687102775,0.42489945955478786,0.48402421262262024,0.4986682078719237,0.48614557538759506,0.5034265724276669,0.533318656348571,3.69,141.49,126036,6,1,calm
0.33345202638745697,0.38500837581192443,0.3561786485834314,0.48665218782860725,0.503062859113432,0.6807379870982975,0.7639370653554789,3.73,158.62,205244,11,0,sad
0.5114845090277753,0.5189477124550504,0.5257391243097367,0.0220446592239589,0.7056676748258854,0.21305281749812147,0.4600195896253185,1.41,140.2,192272,11,0,calm
0.5893414435847256,0.49727249310629706,0.5368064392668627,0.542122919254336,0.23472820355087343,0.35307530954595423,0.7554003457178539,2.63,167.96,197820,8,1,calm
0.5542993608048844,0.455435227404255,0.5651327363626157,0.08189915191901335,0.13800788289127777,0.03906711836357248,0.7548754493336363,2.92,92.82,150276,6,1,calm
0.8681074302124301,0.897519961560352,0.5086050145728029,0.033802674328491066,0.5815783641846914,0.13731254122720082,0.853832846472525,3.38,118.64,135616,6,0,energetic
0.844976551083605,0.9773149608675611,0.7710791250617234,0.6215697402825249,0.2725981510125585,0.2443257539844282,0.930884791603396,4.9,92.59,136309,2,1,energetic
0.5971973462176121,0.4675999545498085,0.6196281209727487,0.3855342164907609,0.11052008201140581,0.3475709617255666,0.18673966288802565,2.62,188.85,298553,9,0,calm
0.5333220300632145,0.7470686249954216,0.3421399798035828,0.5983383473270084,0.4537534370279291,0.2498909432856834,0.6759843571186265,4.97,119.06,150032,5,1,calm
0.4766971006471858,0.3779666521778582,0.5032944898324888,0.4712224073684605,0.5040588485662658,0.1997882774965951,0.3367442081028024,1.34,174.63,181480,5,0,calm
0.6497691315307563,0.6528334446673004,0.8622511246697322,0.7978583986216475,0.26746174154640334,0.2181355170659321,0.7160431140927732,2.65,197.98,191570,10,0,happy
0.8372434646982213,0.5814900512297082,0.9792011216492033,0.15920227189984576,0.23709950614794117,0.25620549603572956,0.206465929938788,4.06,170.38,239697,1,0,happy
0.965466822507193,0.7572520764574183,0.46329571259183167,0.20510042956952843,0.17122570979051469,0.6146285384813418,0.2645877207247032,2.04,76.52,273222,7,0,energetic
0.8676728060284733,1.0,0.6940525260955721,0.18479866620904936,0.37702107793522244,0.6916360595592612,0.30066169858361663,3.65,136.6,278696,11,0,energetic
0.5804015662735865,0.614399028074941,0.3615481350296885,0.46568874888635503,0.17172601614367827,0.4308524622532793,0.42111189874774124,4.68,163.97,178813,11,0,calm
0.3030075804089152,0.43010407978892096,0.15744215221845242,0.39679516629223865,0.2768416648599816,0.10970566711515062,0.664851624982279,3.83,62.95,229515,6,0,sad
0.2805124964162542,0.18140895127008208,0.5588997003141505,0.5286254374383512,0.669383432919806,0.328075039930023,0.2901098731233208,2.68,88.83,196261,5,0,sad
0.8381597989265013,0.8179287279844852,0.786081325523151,0.4476922404992747,0.6573246736819284,0.302292318249348,0.19888259649126852,4.49,138.12,182479,11,1,energetic
0.3437682183785349,0.2725794978684257,0.27067477861012595,0.28771851934989706,0.36524794333834776,0.547564239297295,0.7831848508472504,1.65,105.64,208350,7,1,sad
0.20320418864896161,0.39543792936071154,0.11310910163118507,0.8309345806610487,0.37174305006028463,0.08211771422608655,0.33221666872713485,4.03,152.75,271046,8,0,sad
0.6023009884216437,0.5385928832111151,0.3421441966346077,0.3139403524874197,0.7297074717679822,0.712858825751237,0.12755951673474858,1.58,96.01,271385,5,1,calm
0.5852174181321905,0.500736583784533,0.6551540147021838,0.6952569799757561,0.6313778129903457,0.7317222558562796,0.12058619097544698,4.77,198.08,135942,11,0,calm
0.4449686793379598,0.1822615499411753,0.2552256410982866,0.3588099875106527,0.7594262132994248,0.24095007668775853,0.3701328113760517,3.87,75.81,205643,2,1,sad
0.927460452159236,0.3622970132706235,1.0,0.6221236187858029,0.5202626325621615,0.2818112670909937,0.43748890301616455,3.43,136.75,172612,7,0,happy
0.6793671432639444,0.16403792184690758,0.6147855130669099,0.42506224367335393,0.1631269753240954,0.35345892341721136,0.32745045115810417,3.78,134.53,291987,7,1,calm
0.7060594216199484,0.7957776790891727,0.764484709555391,0.6742963402681857,0.2036646340793309,0.6776978479532365,0.6281147889548104,2.73,66.15,149834,7,1,happy
0.7533358294855437,0.819502624013743,0.9077093065755805,0.5311827321091983,0.5110567036241163,0.2735010577063656,0.3022749269930948,3.59,159.42,234480,3,1,happy
0.46133019117046203,0.3849446546509348,0.4319584891203411,0.4845123732246822,0.5521008901048587,0.6088589796895343,0.3758513984173401,1.78,117.14,265096,2,1,calm
0.9499873158628088,0.9540625936322131,0.928503168397792,0.21719730706769902,0.5542751732966087,0.715441380617461,0.6315859413068614,1.84,99.77,285680,0,0,happy
0.9956702316794585,0.9090043508628018,0.45837333166573796,0.19926975028154303,0.5505548732241545,0.8393002555859516,0.4748351288579262,1.57,89.68,267372,4,0,energetic
0.5206816361791404,0.4201257113670509,0.4698797532417577,0.20704476809109185,0.5875865380255555,0.3121665410134636,0.21498187291968504,3.71,130.97,169953,10,0,calm
0.5051556183810413,0.6094979748901512,0.1675113690911926,0.3773030033773151,0.5917511490378392,0.3433099180110539,0.43021594909561517,2.42,85.6,157897,0,1,sad
0.4468243298071535,0.3969735022448095,0.3032538083289426,0.42133987698102787,0.24759868241045144,0.5870265899361468,0.3741051490767188,3.6,163.88,125672,4,0,sad
0.40929918416173405,0.40447603254149905,0.2213420207963433,0.688270300654943,0.3103739425984343,0.3819761354128845,0.429200634141681,2.25,177.11,129038,11,0,calm
0.7106942695317093,0.980848126107958,0.7090896231355406,0.22667540920880566,0.3066382284853479,0.523817399614266,0.5984643445619426,1.79,115.05,207810,0,1,happy
0.8931704852709861,0.7526267815651081,0.8176084057375534,0.6200424560055949,0.8016584257100406,0.7207803147499178,0.18246496853113997,1.94,142.33,222724,5,1,energetic
0.8715765900604038,0.8254423011513742,0.5202745561535143,0.28315820848420864,0.3689724937055965,0.24686350577846933,0.5389125224041381,2.4,179.82,226553,3,1,energetic
0.8196692751240895,1.0,0.6643485783588688,0.5786000287851137,0.2898246006571036,0.2952268483587405,0.19078193056705917,3.24,159.88,241814,7,1,energetic
0.8038822344494146,0.39219565590751176,0.8582783277423696,0.2455458218263788,0.4200073038961653,0.2907975583578126,0.42824643128226175,4.07,185.87,129291,5,1,happy
0.40721048102059376,0.2659633123978407,0.270886306215658,0.5185941867778899,0.2798110299383749,0.7900518327373637,0.1531414865242265,3.57,95.95,163262,6,1,calm
0.8207065724141058,1.0,0.747307974972499,0.7636227155889316,0.331853017784615,0.1887623116608193,0.32886596760125614,3.35,170.91,223847,7,0,happy
0.6232453907977819,0.561217124909613,0.4712082927330804,0.12948061498459715,0.17879143936455597,0.8778708728288654,0.48403649794030856,2.4,115.6,163290,11,0,calm
0.47604054918061905,0.35554765609008104,0.646577000121961,0.4128007162320117,0.27092379570914604,0.21680638757268508,0.27728639656884885,3.78,139.81,137491,5,0,calm
0.3373176842148831,0.6386741615243497,0.4345509649033601,0.5381109407200352,0.4924397023993974,0.2606932826232948,0.3561234635862136,4.71,174.96,160457,8,0,sad
0.30378173720644785,0.4829544721576854,0.5545522345801438,0.3305330510996149,0.6970978167694982,0.3327810989188836,0.12371366414596045,3.68,120.45,257036,6,1,calm
0.5435078338185859,0.45417949561281973,0.3882864567140244,0.4972894244755453,0.5132964816189673,0.6859675698012998,0.03407262505469547,4.22,179.08,219098,9,1,calm
0.3843757092328919,0.16404871860257497,0.309461651314386,0.10656390767289332,0.3601105008916246,0.383927497475533,0.15497989120073175,3.07,73.43,298865,8,1,sad
0.42070236532893257,0.7868832034147911,0.4588960653882833,0.701518253185643,0.36969358839675326,0.6296703245698871,0.07647480904329834,3.58,115.36,267203,11,1,calm
0.4136635238231374,0.2687656320020036,0.40471872101872974,0.6398187789685262,0.1478218426639333,0.2468936121995217,0.25266242742568457,1.77,121.54,124407,4,0,calm
0.40573755538069817,0.61110178840726,0.25901777168244833,0.4945133204680831,0.39383459508501206,0.1263432894162798,0.4815715595704658,3.17,145.04,239837,0,0,sad
0.4164398979553232,0.19168809078849616,0.45988173710551405,0.604873987446661,0.5123911493269829,0.29497793736132083,0.8749971518384722,4.29,91.94,135702,0,0,sad
0.0772928015733248,0.23760517396115355,0.3654186678617933,0.37604698300372935,0.26215327467417215,0.397332423281445,0.22745985972608573,1.41,189.09,267671,4,1,sad
0.527427225873437,0.4132510527549345,0.3161558176954686,0.4609398912982638,0.3552506283672156,0.5390537562203674,0.23734358058530883,1.84,197.46,246351,10,1,sad
0.8758522540764732,0.7667992243263366,0.7525498710140253,0.1762217653612494,0.24624539978043888,0.3863777303632569,0.4498093467213221,2.2,169.73,176229,6,0,happy
0.7864537165862581,0.770037018586577,0.5436287420814421,0.2022361188676402,0.45790203860737816,0.5571080630673173,0.37206503203661184,1.28,128.18,162733,11,0,happy
0.9318437353413,0.6355939514937594,0.6797094188943603,0.3176233095296764,0.3080912294227012,0.25074375246838343,0.42187359425357096,2.15,197.58,243217,7,0,energetic
0.43437152742537166,0.6725496021541164,0.18119324681329918,0.1010190032652914,0.6395942547074159,0.39223259634994684,0.26160543451270385,2.54,136.68,152974,5,1,sad
1.0,0.4837987381426945,0.9933697753156168,0.4276314041716729,0.16896849907280323,0.22216271612064417,0.23113660080981002,1.18,61.02,297852,11,1,happy
0.8827401622447726,1.0,0.8559339027706975,0.3123089636669594,0.6883559292848329,0.38571838590988183,0.13513705038291443,3.4,145.47,212130,11,1,energetic
0.34522697296556837,0.46225198048944743,0.20143155955449066,0.20195951016852745,0.3540846185654407,0.4540248825688248,0.4270751580644258,4.52,82.46,140940,6,1,sad
0.44074180346519753,0.34124308763246014,0.3227847760927306,0.5093446396027548,0.26700783605390527,0.2609156389074934,0.7689261081877355,4.05,188.53,159231,0,1,sad
0.9330108010115152,0.8855571627697123,0.7524620781663651,0.4502207214184641,0.16543216703835675,0.3604595851380182,0.48802961477099405,4.65,139.74,157548,4,1,energetic
0.7913662409652086,0.9990553102223132,0.8666776315599428,0.4699622112369922,0.484026545412504,0.7340340983208697,0.295512389780742,4.32,108.82,192026,9,1,happy
0.3997612355383515,0.4547735990449808,0.37015301831325254,0.4438135630825784,0.1098878873426323,0.47524312803034463,0.06590986227905174,1.78,124.43,239861,0,1,calm
0.3201148455982704,0.2894325121599974,0.08467468581936796,0.3100352857274614,0.7020451560056238,0.3858471517812103,0.44599018909721216,2.55,129.74,201885,6,0,sad
0.3391208659311758,0.536605918211485,0.5227153545810085,0.5119220847739497,0.7988041024204562,0.11044152607726718,0.7110285178331948,1.99,63.1,208208,5,0,calm
0.7785251020835946,0.6459547721859967,0.6627640092589155,0.5680459438153675,0.5369740294515708,0.13891983526529775,0.39632760496201225,4.26,184.89,188016,6,0,happy
0.306601137004492,0.5457282647653451,0.22438697563047383,0.2062742661580591,0.28695155167053443,0.6570806071053642,0.2828805456369258,4.23,102.03,197863,3,1,sad
0.26095647052233006,0.0,0.22074313343229554,0.4663005667084937,0.3781972421566629,0.22086487665976792,0.2995675910204506,4.83,145.73,120896,8,1,sad
0.3658353304351604,0.3726786256494369,0.5440611402713998,0.4014558798730628,0.2646395036803781,0.6651440059895725,0.45976692896078664,3.27,197.42,281665,11,0,sad
0.7445678308493657,0.7825700234553763,0.5559329569024177,0.5773049564229946,0.2574136588319163,0.8239558964282233,0.32311821185997386,1.83,158.98,171195,5,1,energetic
0.822507918373071,0.7730214567675584,0.9519349353100645,0.47844669962365144,0.5504068733485484,0.4048831278060747,0.12027200086526783,1.6,117.68,125123,0,1,happy
0.7923143809952945,0.5234160373823185,0.8702810242319104,0.6945408107721838,0.799542154986685,0.5002364921380225,0.6193096739833291,3.54,168.43,126082,2,0,happy
0.5678463799665691,0.4577708183329139,0.7995681770010785,0.7485951850519357,0.522339743447547,0.35281322411811317,0.35644877729341184,1.04,114.84,283204,0,0,calm
0.9060266724378199,0.5319369594911003,0.580747256932794,0.2630864113796639,0.5664264600012938,0.34419714193077355,0.3446736173596263,1.02,78.76,172769,8,1,happy
0.30921000441945423,0.28331999608849845,0.2740690386930412,0.5083037118198563,0.16717315636461924,0.12063905538170185,0.8546808629095031,2.87,169.15,289073,7,1,sad
0.853097326503453,0.765048281757512,0.4469662416762718,0.16062319901813707,0.19897539469079645,0.15690751005314882,0.5989370502264897,4.44,186.42,269819,0,0,energetic
0.35681826903364067,0.2706754876143941,0.4432192199722521,0.4494000850879322,0.7056733267398572,0.3207731331057943,0.061670495170644275,2.68,187.34,162153,7,1,sad
0.4070814866343013,0.645495832836728,0.2510481055090424,0.06355778563701336,0.178489897584161,0.19494650486591045,0.3218761905100295,4.33,157.08,284938,10,1,sad
0.5060514256030797,0.5596617448170292,0.34501766029662234,0.6523153242331574,0.4492811973798331,0.4610199751048063,0.46591737453962045,1.61,188.05,143960,11,1,calm
0.35084927910757285,0.03562603562222871,0.31304299351678033,0.5286898988700164,0.2364078919760148,0.32297911933583723,0.5494961939076355,1.85,71.46,136149,11,1,sad
0.3431703980516524,0.4693982399572224,0.39900695888270893,0.7065914788841569,0.3561550860925949,0.10511155591475481,0.3085747116536411,2.53,124.76,229552,8,0,sad
0.9504677360680569,0.9944050353901727,0.46039090836904517,0.8392900379683288,0.41182615944672163,0.36404007413005846,0.6887531824611773,3.38,173.34,204500,11,0,energetic
0.21862191754816307,0.21158633927126255,0.18163669867321694,0.3593542977878746,0.5710676092282939,0.16835348400568326,0.019710370327348015,4.74,147.56,207064,11,1,sad
0.42449418216573737,0.44463108107757054,0.07380669282813795,0.4250555449556372,0.2837071505967403,0.14728450987998634,0.3542178644172775,3.73,190.35,217208,7,0,sad
0.8057304208770211,0.7202789082666736,0.8611405796846903,0.6084138647906955,0.4468423707914156,0.46446163125154294,0.4726554174820761,1.81,189.46,123594,10,0,energetic
0.5453493070425721,0.3212663957688894,0.47233209528983067,0.3915158803712009,0.2549791437000247,0.5814231662350109,0.14029419994024733,4.88,125.42,149116,4,1,sad
0.7858984281510308,0.7714397525884833,0.8050474937803297,0.5101373258779807,0.294236378329906,0.3899105768302057,0.21470912306636908,3.06,176.23,161661,4,0,happy
0.43798678507090816,0.25398298879007863,0.2991903935457698,0.48700781973869217,0.07513244535492206,0.5051980452888978,0.15772411433099484,2.27,180.01,283105,1,0,sad
0.9392503909520475,1.0,0.8259358465857514,0.25272086715808634,0.6908934606534146,0.17874856444865966,0.3931670893388876,3.51,154.94,264375,3,0,energetic
0.7332934717470234,0.5628152620011073,0.350268926226438,0.6805954943819135,0.4560549448485468,0.37324888012815827,0.4768607793038777,2.33,152.06,161367,8,1,happy
0.6884944285938803,0.4872393516883585,0.9951274309696416,0.4390978971372954,0.08644132938278687,0.5343171307565496,0.4184028865782032,2.28,171.84,241995,5,1,happy
0.53892851290936,0.30883918722138487,0.26111871870528536,0.09737793501716324,0.4979561098876011,0.30463336570076416,0.4577940179515122,1.48,76.68,288275,3,0,sad
0.36328667274492504,0.6527930692322599,0.1775766540354766,0.21317437770543646,0.09745655400122014,0.24355699702550532,0.6742192980752009,2.97,74.97,289751,8,0,sad
0.49709007319343096,0.3073830081311353,0.013184525837270977,0.6223662297655776,0.46583336733609887,0.2808499669721621,0.44523369441142313,3.2,66.08,233967,10,0,sad
0.2700105720703675,0.3952841244437836,0.1727357048713778,0.7865446312247591,0.16177339721452216,0.6912731938086228,0.6279502842075606,2.83,161.5,223371,2,1,sad
0.9128280730356966,0.4673866221891857,1.0,0.37992825332595104,0.5536019796782433,0.3760479728546638,0.4885517259416096,4.9,174.77,298682,2,1,happy
0.8650311197496343,0.8287688263958546,0.8376414789854989,0.46316682671010295,0.09106878996959673,0.2588256935202325,0.6476552037839114,1.09,136.98,175637,6,0,happy
0.6309989212149614,0.6109964419799768,0.9752109596544905,0.4695762877071118,0.7298362750425822,0.5354681276671496,0.5230455911906216,1.19,187.96,291843,3,1,happy
0.4646603397503765,0.3709723436217436,0.40186275371859714,0.46662033390414637,0.725639357650042,0.627783010601685,0.6854665046019104,3.53,148.06,145639,7,0,sad
0.317402603558532,0.495764912535626,0.32591621267398896,0.40737549205119034,0.2748665578286168,0.4982701389022221,0.6773347017512347,3.75,95.4,283623,8,0,sad
0.8218124369681004,0.627183794634385,0.6335786682740385,0.35461200823059075,0.23247068577192778,0.09618600579428666,0.1202959767217489,1.03,146.34,136870,0,1,happy
0.88033489539895,0.8570754854670084,0.5187682315151099,0.25839212280707435,0.16490464210171113,0.45120930958066346,0.3726788300148099,2.58,75.06,294496,2,0,energetic
0.49910336742362604,0.35788564324089855,0.33691089735884716,0.4436700495030814,0.9534569018792899,0.25210714823646474,0.4158574314447331,1.68,168.48,143347,6,0,calm
0.917233600620363,0.8499770578545457,0.8327884481298939,0.6873288163952866,0.26352619704245994,0.22915856225941042,0.16509181071496315,4.82,64.01,155951,6,1,energetic
0.22193797128535825,0.4403199138812125,0.572398727921907,0.37923829725124997,0.24089121769806282,0.21477982120852043,0.3068872820690359,2.62,64.65,158993,8,0,sad
0.7762186117851579,0.6383714201295287,0.9513655117592079,0.15925543875898743,0.20650246621424118,0.7255841922695986,0.6784629415281108,3.4,112.64,266789,0,1,happy
0.9122943031387235,0.841922556209378,0.7546474633884855,0.3866896776738551,0.3471941181761079,0.810577681990235,0.44715228479738545,3.44,129.76,248311,4,1,energetic
1.0,0.6618178848715878,0.7476340307508896,0.24481704983291738,0.2938447034137932,0.3250139588067636,0.07385663960935238,4.11,120.55,259155,7,0,energetic
0.7899650600145213,0.7160070329243763,0.5733683062376087,0.7510814953133162,0.6710150267322134,0.5381225762141092,0.4317137273830804,3.47,165.23,158520,11,0,happy
0.9294759422512008,0.4687264694370789,0.7058440377944996,0.6387510466991116,0.36497459856132003,0.41595438374880206,0.29713813191226895,4.39,159.82,133924,10,1,happy
0.3907904673958211,0.5981286587240943,0.4501916140939327,0.7004762626510528,0.7135489840610512,0.5056684311364688,0.21527078552763712,4.18,123.88,141464,2,1,sad
0.6190347712736293,0.7635518904030028,0.3799268271362632,0.5278168611662681,0.21685380161258067,0.32293408607212765,0.3756660081766545,4.11,189.44,234426,9,0,calm
0.4124634201994417,0.3120335922774551,0.3640638691143354,0.3539038221645555,0.5604540257822322,0.5992218831789019,0.3150204604416267,2.8,156.2,217096,9,0,sad
0.768421762355983,1.0,0.8001024228436224,0.6479483801690014,0.33214909542495097,0.6215081703494272,0.5714781949326763,2.25,119.85,236139,4,0,happy
0.35237761192950384,0.3441419221866032,0.07990914027118295,0.5502051039480638,0.27478822734575914,0.21378840379382044,0.45079214276361446,2.01,94.27,175952,11,0,sad
0.37867276240342085,0.7286599008339576,0.35101014457878466,0.08109516303993951,0.27429316423924627,0.5570686113053833,0.2210864441921229,2.67,124.67,298261,10,0,sad
0.718164753791493,0.7824702794156002,0.9696304037821648,0.20772334078893742,0.3470164051314075,0.6508433834306561,0.11381534708360103,3.95,188.28,139358,7,1,happy
0.3664604277226207,0.2606530068516063,0.0,0.5602439088680828,0.42268155898163456,0.6380099385106379,0.3005196931007637,1.03,114.02,262509,10,0,sad
1.0,0.7788648127229869,0.5400816463620309,0.5982813428105671,0.3040125351671017,0.38922354000656467,0.3245639193464517,2.39,113.13,258982,0,1,energetic
0.8128493640919959,0.5402639707783885,0.815092098110764,0.7390095527935466,0.4495875867245842,0.5607881406284481,0.1762334809201005,4.17,154.79,136475,8,0,energetic
0.49516676800618287,0.3313586379593121,0.41162060549202123,0.6137262068890577,0.5025125741570327,0.5000947298332411,0.042573288857915045,4.96,62.84,190783,3,1,calm
0.37349371818612465,0.26586428653798205,0.5163520326137239,0.3827900416275842,0.8088193558715576,0.2885556293020598,0.7562214107364892,2.21,126.41,122718,6,1,sad
0.4943397509383222,0.5675395581586952,0.45873624197310314,0.6583533648877427,0.537032176286688,0.4331285891301268,0.43096846047609105,4.75,187.34,238432,8,0,calm
0.5655042221468732,0.45107511160256186,0.030265442441726964,0.1381047047957364,0.21783357519072538,0.5392604466426318,0.4898274216065598,3.04,176.03,161001,7,1,sad
0.8688718702877188,1.0,0.8426605527608362,0.13463746112867317,0.6559251802514402,0.448839645087013,0.35198888639318904,4.39,106.96,265887,3,1,energetic
0.8783424123249659,0.9860242097788576,0.48200309318684764,0.07386005682888479,0.21405986507333946,0.30813338215514935,0.38510728251020016,1.07,162.19,288573,8,0,energetic
0.5157786371915747,0.5849340446487167,0.5703622768395648,0.22718990013915918,0.0987607556645119,0.273113011555122,0.08260596542111112,4.53,81.4,225851,4,1,calm
0.5831147075254632,0.5004526733974758,0.4242754619730025,0.10142667164513385,0.3784742314211143,0.23859231179450027,0.4582439687305082,2.43,176.6,127982,8,0,sad
0.7406033719444585,0.7123626887418967,0.9247674910101854,0.8658669658780231,0.2769905527308483,0.22299198752194843,0.46240718555777005,3.13,74.18,277063,1,1,happy
0.3514260534277493,0.36115721554078367,0.7562152040417284,0.5592867992765184,0.19726484624639068,0.6594307352879677,0.3110681937926667,3.72,181.77,258635,10,0,calm
0.5970077777913727,0.6081159573710866,0.4471812919544489,0.1562743845838637,0.5049066924945883,0.09256481158241833,0.40973412615645805,3.4,175.75,292633,7,1,calm
0.4721814394147403,0.3787184910425484,0.15898988169122222,0.6195903254566801,0.3863288931404244,0.15021522050731126,0.5216661883056226,1.03,189.13,131879,11,1,sad
0.593177714592146,0.6933037203735523,0.5644577565006742,0.039719953380689614,0.38966692397734026,0.15877235873850432,0.2254108474669177,2.75,156.79,296285,5,1,calm
0.44209293728746324,0.5500443334172513,0.545088862079796,0.10477468445181155,0.576964458015121,0.40082297058676436,0.2536079103743014,4.04,64.69,191973,2,1,calm
0.8197431141568237,0.8083086084053107,0.9944704620515387,0.14157927038771137,0.6463531706777005,0.6287515943496037,0.3142970939686576,1.16,171.74,260440,11,1,happy
0.6700804481687664,0.6438910525613072,0.6352863059845977,0.31418679698772045,0.4210012261172211,0.24242474718613571,0.3206124305554991,1.12,160.02,185096,7,0,happy
0.5224854761362531,0.5154523028114808,0.478217858498475,0.7065257064198769,0.35302781641143804,0.7006457599124899,0.46303232662349914,2.21,135.58,164710,10,1,sad
0.4651323731066347,0.6234330609831784,0.5547002596116547,0.5100307190102928,0.2171318950270322,0.5072345479371873,0.13909862816038424,3.26,66.48,259555,5,1,calm
0.5752034159196867,0.6712486511018945,0.6248242826533542,0.2302655113103,0.4857335262799367,0.2685086529812657,0.49209044569772414,3.54,72.01,145510,2,1,calm
0.7060971385155721,0.3193952943082131,0.4016760930824542,0.2379170033547585,0.27570560163011054,0.29970420139714743,0.33598600279465884,2.19,113.94,169905,0,0,calm
0.6978651287548503,0.2785322103128943,0.4391151368568551,0.3158897041233547,0.4141000705895386,0.4213239817733792,0.05439513570998747,2.07,187.8,173654,0,0,calm
0.20991454105040375,0.32348701349215325,0.2098484819052162,0.2160192479369665,0.052050333265700126,0.6785118151175397,0.20037251770660444,3.26,158.47,156446,9,1,sad
0.6217129921156113,0.2716692042611219,0.44768371084896963,0.20478346855431998,0.45540843225403854,0.3467649476384855,0.5895643994297765,4.97,165.9,242840,11,0,calm
0.25564571625024457,0.5084065748478087,0.3970484917330949,0.25891903061764737,0.12036910321021912,0.6764837512930724,0.5109763174502036,2.05,110.56,208685,7,0,sad
0.4446954992283064,0.5450624149326904,0.5308941074313626,0.580209090010434,0.14224678635383048,0.09602845501501689,0.33157849898836267,4.91,104.6,215846,7,1,calm
0.7355358231295356,0.865529444502634,0.5556503848832374,0.20695357436081482,0.22737425469528327,0.14654454266492953,0.48376607803538896,1.87,166.27,261173,7,0,energetic
0.4897585078902658,0.5913409821677365,0.6940901460631242,0.15179473470767627,0.4112827832383848,0.4608086934715901,0.3888550492257156,4.03,91.78,239073,2,0,calm
0.42876820436757224,0.6512694909535339,0.29434230753516133,0.7743336032619128,0.42875847441750187,0.21679960888368438,0.3670388084341867,3.25,199.09,202028,9,1,sad
0.8188078340892007,0.8588231550676614,0.565580429804123,0.5229143091677417,0.7882995315942863,0.2609035303138351,0.38152706642506057,3.43,83.35,263535,3,1,energetic
0.8842277554930099,1.0,0.550412314831436,0.697860579296223,0.6071668080779259,0.35888300016940416,0.4211861837432412,1.88,153.17,281126,5,0,energetic
0.4844185785617015,0.36247562144954915,0.30470688495847803,0.284785211811356,0.5271147670805095,0.49094597415070024,0.5774602958665157,2.9,102.47,298988,6,0,calm
0.44367613939955886,0.26776540013136235,0.5649600029719956,0.15243601063586384,0.2764146557966287,0.5576073951484973,0.33636022979247365,2.2,106.94,126949,7,0,calm
0.8898851400416861,0.6455140109863857,0.7599248479369626,0.2184675821963331,0.19984964060335145,0.6576895018518418,0.041222270483419705,1.17,96.1,183262,2,0,energetic
1.0,0.5909970874981894,0.5353727994842247,0.48966360473732606,0.10523533865340952,0.38429641127348085,0.12428700289879431,3.58,133.74,249833,10,0,energetic
0.9478452763067532,0.8119457390561121,0.7224503366387036,0.45917856675997576,0.43871127883182975,0.21884352673806295,0.1018850025747447,3.81,168.11,142192,8,1,energetic
0.6207979511834762,0.6877167940093597,0.7365520563357739,0.05940019238443095,0.2888363412351321,0.43206713569858946,0.758995557525211,1.74,175.69,253053,10,0,happy
0.48881907176642264,0.5454928005995341,0.40961597338293776,0.2285265760988479,0.12086839277866245,0.4937631129957464,0.5702211674593366,4.29,112.73,120808,3,0,calm
0.6509551674305392,0.3677508543351813,0.7420449818863143,0.5702909116894639,0.6743172646328007,0.5322211403276607,0.025341060718055898,1.82,149.47,209415,7,1,calm
0.44364968449453707,0.5182797086587227,0.0,0.558709762956332,0.6575211474557243,0.1053053240953667,0.4881068803981421,2.32,199.6,160291,6,1,sad
0.4686318456956701,0.37273370861756006,0.32600121355703315,0.5593193609899237,0.423176383413745,0.3781258094151247,0.45040366135655086,4.52,124.4,137109,10,1,sad
1.0,0.9528051720279521,0.5796320874519123,0.22267629825188043,0.1322113301705345,0.7617545553756163,0.32063710409389073,4.69,112.65,194996,0,0,energetic
0.3951275696727749,0.3618266881100174,0.214087934538694,0.4649008183580142,0.46492797862333934,0.6465360536843283,0.45874463452855035,2.86,195.77,155385,5,1,sad
0.40433072766702016,0.5867659409532481,0.5801718009010132,0.49938326075143574,0.6885246472641686,0.5265842356789711,0.6778665340142048,1.5,181.59,270661,11,0,calm
0.4487912752127886,0.38937112548543407,0.44028923474631476,0.3470223061437314,0.5254627273240036,0.04467567860437694,0.5290886704424764,1.6,170.16,175409,0,0,sad
0.8320267819141871,0.7851482073023638,0.5835453967806167,0.4635599178843372,0.2525085217370463,0.7776385207329303,0.660053889580056,1.95,177.03,249931,3,0,energetic
0.5247085655687406,0.5919667928419557,0.5436776672707463,0.3945689513780655,0.08388656420627993,0.6753784450060342,0.36065079905915876,3.07,88.91,160980,9,1,calm
0.45271293379966526,0.5974772079583068,0.2903368687026333,0.44185908031389903,0.3480498696717967,0.3601626176020782,0.10948617438975597,3.37,157.58,274754,7,1,calm
0.8525523829256191,0.8592144449526613,0.7533515867687133,0.3727347838234451,0.5614191840324075,0.9091895007858437,0.3155590649966532,4.65,150.18,221581,4,1,energetic
0.3175020175007567,0.35754642101118095,0.22517749062376446,0.16026411633550314,0.09209858561444469,0.40083441304946255,0.5185853901987988,4.36,121.66,235252,0,1,sad
0.5979832257061364,0.3280456845097481,0.3955961023766195,0.3054459322427465,0.26158066235225286,0.68444994050628,0.4913460704442049,3.25,199.12,223164,4,0,calm
1.0,0.895284146130312,0.6877026043421415,0.6784627909216572,0.49196285446487675,0.5247763760620208,0.5523204576040197,1.19,147.74,287945,2,0,energetic
0.5718677405929167,0.6385407874141993,0.4836436605155365,0.3267701252787629,0.649676415614414,0.30594701087729465,0.4245332947569225,3.11,131.15,173425,8,1,calm
0.45967424522777317,0.4550570189394952,0.3419717781453533,0.42316275290557304,0.5398673370770807,0.15639148530441205,0.3786366352121887,4.62,187.78,129857,0,0,sad
0.8128752525853233,1.0,0.6857759516429501,0.6851971798425447,0.3415807177778218,0.44083725236504967,0.28157891420011943,4.91,178.47,201869,3,1,energetic
0.3203723433222464,0.44890938833843497,0.4663539758084531,0.36994845462358816,0.8877423854970647,0.13794941137815944,0.11018705054857658,4.93,101.48,163255,7,0,calm
0.4312010512606716,0.533343529430075,0.21743790192529044,0.44873398012855886,0.4315469743477666,0.07888940529071453,0.22851640284614885,3.46,74.12,225724,11,1,sad
0.3854630360040882,0.6202640846532465,0.7323755473669105,0.4156858646107648,0.3350482857069364,0.5356454922332119,0.10998331742366257,1.07,190.59,134098,2,1,calm
0.763116977040746,0.760265692383786,0.7711833420917841,0.6147200932676168,0.741513198884933,0.3628275272756235,0.6028994266219049,1.99,186.88,164918,5,0,happy
0.5102621212940912,0.2900726732333748,0.5221938322680001,0.33920078453099867,0.1969609218163332,0.42805638765776716,0.6238443518973797,3.22,159.67,127201,1,0,sad
0.6306839871526693,0.7571133768621898,1.0,0.5770432303072153,0.4106928689935681,0.4184772366795789,0.189714242373818,4.75,172.44,196801,0,1,happy
0.7887925181623264,0.7242773867178285,0.8755292115041968,0.7013204872221875,0.13350728661479153,0.550747429002842,0.5162545390752014,3.1,136.15,190531,5,1,energetic
0.493312807234107,0.36659189488350896,0.45977579485715797,0.4825091073868185,0.24771458436837313,0.5745991031924264,0.1608086340517175,1.55,197.58,164995,0,0,sad
0.9562244210638292,0.6763657066669334,0.8362650334826466,0.589871836183942,0.4014660720515588,0.43015464541953247,0.6240636564242229,1.37,94.08,202715,9,1,happy
0.802719937418291,0.4730764010597248,0.7507114318409436,0.13517672819057533,0.4660444882944226,0.6031466573408636,0.4659431683586712,1.22,89.63,146356,9,0,happy
0.7524996834479827,0.5990611322161061,0.9381221855643848,0.4521318548103711,0.15153321326661434,0.2520618079101536,0.2105301613104826,2.27,164.35,211817,11,0,happy
0.8285827673590337,0.6814478069627973,0.8381847131079765,0.16052521676204792,0.18567818759412358,0.37597362342052354,0.6366459014971989,3.97,186.34,189767,10,1,happy
0.3266608629085882,0.27769456312861623,0.17930141051788062,0.30000798538128637,0.058657440580279684,0.5716268549293656,0.5449317551404397,2.15,197.62,127535,8,0,sad
0.22039710135169244,0.38331609079769496,0.16441385378028153,0.1446950569061946,0.1995028733112521,0.38283087191227944,0.24516747912833486,2.21,96.84,184824,4,1,sad
0.45688478576374125,0.33937609567025456,0.3750504913343611,0.6855186510889618,0.7406607150881755,0.08613812388660043,0.20876383913925972,1.37,102.08,150436,9,1,calm
0.6666149081552784,0.780863011882027,0.8352485300266037,0.49804201503961215,0.17340822343376114,0.2996221924362599,0.32860488539348837,3.75,171.22,201768,1,0,happy
0.5409805046800964,0.4183824830145333,0.36101598060351386,0.8014517964760209,0.357050720493029,0.5869552350158336,0.49059157276186166,3.08,74.98,198194,8,0,calm
0.6184505383528991,0.6676836543153393,0.576841473756613,0.673992978835411,0.021337736501241492,0.13917914209799373,0.5818067286741853,3.64,101.82,250280,7,1,calm
0.8737217038049383,0.9331763968094187,0.83955533367379,0.10217790170855372,0.05912506415344666,0.12331806581585547,0.46213147369510393,1.46,146.28,199894,3,1,energetic
0.905364179660784,0.7446640376377596,0.542068848993167,0.47974373905482603,0.6294142271437266,0.4851900749945889,0.24705241089650495,4.87,60.74,138556,4,1,happy
0.6997088294083976,0.9975368020000684,0.8034029657726253,0.04026076172597854,0.3069306028426625,0.31166157873322076,0.4869201258495833,2.22,153.63,127183,4,1,happy
0.3494300484551155,0.3834906772383101,0.33981177781839006,0.2510226782775366,0.4506618101616638,0.49477779908521247,0.745649940642647,4.54,193.68,291019,3,0,sad
0.6483036779838249,0.6660350534479356,0.750217666441315,0.4406933075649211,0.49985520127315186,0.4049199034401204,0.4886831677800239,1.42,140.56,267767,3,1,happy
0.7670135090665786,0.5546068209753136,0.7927192485520548,0.6397341256271901,0.4756331214070997,0.4909670046466458,0.44658628825331137,1.66,126.21,180770,8,0,happy
0.8778871772085879,0.9270841407296205,0.8501204565073828,0.25699213845261276,0.5118357739372537,0.4920555248715357,0.47758556109754885,4.31,189.73,194180,3,0,energetic
0.7514967925118345,0.48664169431777116,0.805786806045983,0.3612758156052859,0.33982804941786193,0.3588061576969982,0.3422884414496684,4.76,159.41,138617,7,1,happy
0.5327108427918987,0.2658642567428504,0.516734763623907,0.18748986920977942,0.5620940821853396,0.2780396880799069,0.38068443849909595,2.24,91.13,141043,0,0,sad
0.44794950920294113,0.4267589236322683,0.5949990239106857,0.6368955992755853,0.1869942648376886,0.4614596613838381,0.3002667221241353,3.28,106.54,176795,11,0,calm
0.3829320716496305,0.6527330643851688,0.43504260278924434,0.796740045564226,0.5970492790197803,0.09359833626554621,0.4776655190255671,4.92,197.65,160181,4,0,calm
0.42693061895623385,0.577090375900225,0.06475629660536925,0.2650459915376011,0.6008731963778016,0.6783022199953563,0.3361670681560217,4.62,86.45,166173,5,0,sad
0.5772336040294309,0.5567628887732403,0.5255543851381377,0.3364110691318498,0.3500218506375932,0.42433515175872216,0.8308724264130984,3.15,63.37,165651,4,1,calm
0.3998323059699962,0.46362638350624846,0.5777838053010531,0.6739963821536665,0.5572610268433555,0.5222850111881938,0.4936584167628472,3.13,72.09,161431,6,1,calm
0.9320035057538387,0.6300761416464168,0.6987800174792501,0.29108731017120754,0.46510840052423164,0.19392192961047433,0.4406410350168263,4.97,66.02,201265,9,1,happy
0.8196896835692153,0.9041566523428716,0.8922926319894487,0.7270600092902536,0.23647327174899452,0.6388820248670912,0.23440510816020624,2.32,81.07,237406,9,0,energetic
0.6411646503919558,0.37890058956179,0.9197848868046357,0.5033886918831254,0.8670782998814408,0.8189506267124442,0.3441289984603598,3.73,189.45,216960,4,1,calm
0.7076825804528005,0.7804969867706392,0.9727219391305764,0.42691512466899967,0.6307165952566833,0.7102005635629832,0.34319418867457363,2.87,180.49,213928,9,0,happy
0.5282217754970643,0.4494086494685515,0.5636618470732397,0.3393274443424342,0.5000801234308587,0.30834538598427624,0.08937028536288055,4.78,152.43,240263,8,1,calm
0.2991469191747354,0.5388080511014168,0.2842236794847002,0.9233535561945669,0.05608171966951368,0.4529416190711923,0.13602899451847209,2.67,99.09,218302,3,0,sad
0.5046181323757889,0.4716790342297796,0.5326098477132183,0.2306935084294341,0.5224735570838557,0.48066351196511503,0.4898691981716565,1.53,159.18,287999,10,0,calm
0.8121501209030495,0.8121960908283896,0.9196402683332543,0.4240925497643763,0.2874747676203133,0.2713875017214855,0.2117622096700821,1.3,146.44,291354,7,0,energetic
0.4586534838876724,0.5390420759874329,0.35543616106840836,0.4078676810286588,0.22823783573007794,0.4457559504128517,0.3042120295581393,3.63,195.6,228654,6,0,calm
0.5032829953944756,0.36213582231611513,0.27636501636745175,0.3770460893612649,0.28818191508574376,0.36212778346300617,0.7414125703183765,1.71,165.96,128570,3,0,sad
0.8272671623294288,0.46090007017885365,0.7725791147131941,0.7799128467985196,0.5013164909928307,0.27106870160805413,0.3217118442685912,1.05,151.76,247736,4,0,happy
0.8804995235099101,0.8587507281834629,0.8788048897801434,0.27750726341533427,0.369548259401549,0.13582530817886473,0.41395033729348396,2.25,120.62,125811,8,0,energetic
0.5515479365964998,0.5058891453545793,0.445593153741875,0.43432500232526194,0.2877667028334375,0.4692147106999073,0.5076050707485,4.21,135.42,174028,7,0,calm
0.3164852808203843,0.6482368614919737,0.24312356134229807,0.5191201380288842,0.5198279556146275,0.15523527809533896,0.2992317738859637,4.64,78.14,171415,0,0,calm
0.3698744764673199,0.35239816109070876,0.49972182110966923,0.43651036351950717,0.5705366640533921,0.26408940121579055,0.07569713688158586,1.31,135.95,275113,11,1,sad
0.7077805036885724,0.6165815803870508,0.7026668306368777,0.6495895921535778,0.11414962491526014,0.7368069306756847,0.4396279114705926,1.61,111.31,155827,4,1,happy
0.3388434377662489,0.726546562775021,0.432922082476885,0.7684836780820867,0.6563664314680487,0.5257855281809733,0.47294447635746445,1.77,142.57,284117,1,0,calm
0.49166769700369556,0.2794128636419717,0.7030279375355476,0.4899665851842116,0.2643475035256768,0.14785880670231175,0.5019392481581216,4.8,185.65,220441,0,0,calm
0.3474420074816118,0.7705472894431289,0.48417127590108655,0.17360462765799237,0.6772033326200704,0.5045289803604249,0.3597979148298892,3.98,161.89,193720,5,1,calm
0.32647252806224447,0.5015978719898667,0.33760646667861255,0.6264841084357694,0.45167953251578496,0.7037752314496472,0.45942161983112856,1.4,120.68,142700,8,0,sad
0.5020468180008705,0.6210005236189842,0.37147000704010547,0.37538710557785815,0.17777769434470522,0.27009744261552326,0.41576165888957983,2.94,195.61,284531,6,0,calm
0.35233538475435777,0.5815378029870107,0.26773961042759886,0.20764969149031173,0.41620729302647597,0.06470771885724905,0.7381716799590539,2.7,60.31,209823,7,1,sad
0.35905911694284426,0.329210220131585,0.4633425895451049,0.580478686139966,0.2267735690995862,0.6193043420633997,0.05721156769702754,2.76,70.98,124563,4,1,sad
0.5704983778717939,0.6547070787915996,0.55822786934821,0.409600175456973,0.43778225955464584,0.8822219274136124,0.2760174644737392,2.64,95.56,274751,10,1,calm
0.5809594435971885,0.24979959402629537,0.5313764976160091,0.24366830820434002,0.07180618875607737,0.6285066110231784,0.5014838865684496,1.9,190.56,207858,10,1,calm
0.6230123021092907,0.6793917100874836,0.879559145888713,0.6674365188620416,0.12766472933021064,0.06508023807965356,0.31825985080125935,4.31,75.11,211533,7,0,happy
0.3317627070270322,0.3553832868033651,0.6126106910478735,0.14094689747071545,0.47809604275372825,0.23071632330890013,0.4759853535490799,1.41,183.78,207662,3,0,sad
0.8765835713748041,0.7653389820956282,0.5102245489894659,0.4733281171098137,0.15679114765521082,0.3185880212346846,0.3253172993477059,3.05,144.84,132894,3,0,happy
0.5326381007845561,0.7041556041399211,0.5058341774354366,0.4934017321973958,0.5633984229308727,0.393822452740512,0.6504109459553457,3.39,112.37,187490,8,0,calm
0.8883645339787553,0.7697660617923803,0.8049190609262982,0.3967017793624788,0.2968649025973705,0.4504586963857446,0.4245571428441776,2.05,198.47,237382,7,1,happy
0.9489964666103934,0.515162409680173,0.8290936527061161,0.2970483890194772,0.6590212099007171,0.8169218150689508,0.21167340975088078,2.28,76.65,229196,0,0,energetic
0.8429714278912572,0.670982191412346,0.9075179561096668,0.22573410766831367,0.3599184858939583,0.39081572742813664,0.6251682669199525,2.04,103.28,243782,1,1,happy
0.35998623621469983,0.3637099556049256,0.508138452029105,0.33249403859728766,0.5883841156424536,0.5462926462308694,0.5798869577866367,4.48,154.01,137809,1,0,sad
0.9756498927840156,0.9517613065418776,0.8929754678607896,0.1296388495721439,0.6423150825777121,0.3367063423565717,0.7642767516143985,2.82,117.72,288251,6,0,energetic
0.9798436827883651,0.8558727162206166,0.7827162562684825,0.37407128398070416,0.14600405419422047,0.49615799779414765,0.16249476915996483,1.77,64.5,179367,5,0,energetic
0.44350696906434484,0.6760164373013922,0.15925793240320074,0.2913726026381116,0.7348586929591894,0.16028282828555318,0.24331982084099987,2.45,172.31,127407,9,0,calm
0.39321286183005183,0.27599834812998547,0.4155155349837685,0.5057391762374207,0.5891441164020865,0.2791159103257397,0.10439698408526368,3.88,164.33,212601,2,0,sad
0.505519924253009,0.7706817676418753,0.5027801104727557,0.20510693456468326,0.24862714047035428,0.10288567523479934,0.43116718808949356,1.86,175.55,297674,9,1,calm
0.5910985159684001,0.40570332273852583,0.3285669848709184,0.3125832422146279,0.3545422286112665,0.3323402315490716,0.7467462228048805,3.84,108.75,159959,6,1,calm
0.7888504950323052,0.7542775165936787,0.7826511747750411,0.284513709025392,0.6099884896917421,0.47030706931988575,0.6545186982692928,1.02,94.55,157713,4,1,energetic
0.8850364055748208,0.6994533062789169,0.6981451092636453,0.462997529698934,0.34089059418388723,0.13239750005218007,0.25709772719988794,4.98,61.91,183923,1,1,energetic
0.3671548158276118,0.4660006695505833,0.30087075110456807,0.4032727635432346,0.19915678278345603,0.22193767780741094,0.34501244848749485,4.8,60.62,177073,9,0,calm
0.6952133694011029,0.7578290690262669,0.7594982018823198,0.2853726862606761,0.2577189796296065,0.27329381426061006,0.2118294432556605,1.93,126.96,221771,5,1,happy
0.3830657198958302,0.237450124985786,0.31032354865569733,0.30452767471897463,0.5203603171515799,0.2513778796717407,0.644139068993013,1.8,108.15,272143,1,1,sad
0.5420594318552986,0.490560194244866,0.5348043231958712,0.5461293911897976,0.7080103681428335,0.0614655123961338,0.8286986977090762,1.49,66.13,163786,10,1,calm
0.4306303507535596,0.6318895857749841,0.372332781974842,0.14669193156652216,0.5948142225026859,0.11339461233563392,0.537184434842873,4.42,71.36,271864,4,1,calm
0.5553131203539357,0.6659217586181636,0.2136759847360783,0.5322700201440687,0.16976169887651182,0.6378575888771646,0.12683437105016016,1.78,188.52,155899,3,0,sad
0.3226154066260424,0.6735963389215155,0.5843961637594924,0.3980321833080878,0.2748407041442726,0.08920521477656271,0.7177579475126677,2.56,116.4,209248,5,0,calm
1.0,0.68387295687895,0.8087914850161824,0.033551179114138796,0.630984720810057,0.4634731794946857,0.09630207489701989,1.8,160.7,210807,8,1,energetic
0.7071551457210488,0.5522393892039418,1.0,0.2748116732600653,0.5012280618567562,0.7392035058846071,0.4278569216485132,4.66,116.83,160076,8,1,happy
0.8287479675014822,0.7239769074569191,0.60994143469024,0.4388555393725715,0.26708992182900715,0.7600009778433211,0.32036796359052133,2.12,73.09,157958,4,1,happy
0.8504106859690534,0.4848866696151214,0.7712700764130062,0.8109395828906331,0.31966464215573454,0.630018292889619,0.4846833219300364,2.48,124.75,254544,10,1,happy
0.8735644166796533,0.783869427247065,0.6096063543078163,0.3195865048862807,0.14596186599874814,0.3156930529129406,0.7655177797206238,2.15,82.44,218015,1,0,energetic
0.9295992262995252,0.916564076695147,0.7416968792922402,0.384452738700672,0.48790529132343274,0.32437436225650623,0.47158139864065607,3.3,136.21,277309,4,1,energetic
0.6173309876846479,0.4838353692193534,0.4490980594272462,0.6304853222454398,0.21072763517581997,0.33923654560280125,0.07991270275118183,1.71,158.0,157849,1,0,calm
0.3089714404858831,0.5016309880537256,0.22637737500390004,0.23115612145694986,0.38162592848770016,0.8044938041496441,0.291687318705937,1.41,108.27,236120,10,1,sad
0.9520646424729068,0.8748511526056344,0.5478739084259094,0.4392590419868377,0.49212933493013716,0.3402080736051774,0.07204963389619701,1.18,190.68,246988,5,1,energetic
0.7320063745705384,0.45036860909492005,0.8349953159846566,0.6383016257412382,0.561523196720226,0.5635711548823505,0.31282625646768275,4.42,113.42,253206,11,0,happy
0.9299608524608804,0.7131528089593867,0.9526346677545594,0.30676545664278426,0.3852231910799894,0.2172373652352891,0.09921051676429808,2.14,160.06,222210,9,1,happy
0.5063837969900844,0.6281520929386577,1.0,0.2447822830916614,0.2723163342654964,0.6532034565293982,0.32816743794324205,4.65,84.83,121267,8,1,happy
0.4173594816444725,0.3327530087434413,0.18286793836430132,0.13707739452679404,0.6335252015410623,0.17517824987601147,0.6232208804923547,1.72,154.5,223776,5,1,sad
1.0,0.8473782349356023,0.758478861550989,0.1187633693537373,0.515806569090075,0.21376963833868753,0.3888602866961157,2.05,72.24,208489,7,1,happy
0.4753254124405709,0.2880385809346039,0.10851509537251519,0.23512207527773463,0.3887859405663997,0.3530035011792643,0.36973680495300393,3.75,93.1,150930,10,0,calm
0.3780892837666373,0.41022506505798795,0.407034922736854,0.58310793496533,0.6720659846409183,0.4741442430920195,0.40505915751090493,2.23,128.16,229306,7,1,sad
0.5930321245802309,0.2635729011171305,0.097409138496832,0.12832583008909015,0.5513127965094603,0.28223906396582105,0.7509068648942084,2.61,100.1,150510,1,0,sad
0.8828137013536709,0.7337753203213797,0.6692069362767848,0.5834270731660297,0.7421273780078989,0.33076940245668734,0.4228861761524972,4.18,98.61,277876,11,1,energetic
0.8303538171595588,1.0,0.743291447694774,0.19474381987088793,0.2413009296663658,0.18175890773176095,0.7039339528935811,3.26,65.05,135344,2,1,energetic
0.6698720454019232,0.6425429355338764,0.6312881673331008,0.3587122610367204,0.5013110731547568,0.17165763775612108,0.09994968419833217,1.93,150.98,299995,2,1,calm
0.8882590826079226,0.7497506651287893,0.9453834198789239,0.22331567858153592,0.3338057068590218,0.020711277656399543,0.2605700947413191,2.47,72.62,261499,0,0,happy
0.4499995670604491,0.5757282351851138,0.3991496035866232,0.6525436958720869,0.21935289893800322,0.153150536747827,0.578521034130796,2.78,111.89,246360,4,0,calm
0.5542396384639893,0.4208292403378647,0.47652549551178236,0.2244858122462893,0.8808236738015929,0.4857590398789455,0.5089720780624898,4.21,93.15,208792,5,0,calm
0.4162286125127942,0.547171191668112,0.35349602067908126,0.22877113770779828,0.5928277244438162,0.17475510775674905,0.28145132549151,3.8,75.92,269232,5,0,calm
0.37461467420917627,0.298126834120402,0.0,0.36040952721847536,0.4077189037221315,0.5248738386166919,0.1533862439520125,4.13,144.56,240152,0,1,sad
0.8599262825400799,0.8223261005654334,0.5351798739198506,0.44766709812688515,0.6270254989777491,0.12485185212666587,0.4216375726613317,2.16,168.82,179653,4,1,happy
1.0,1.0,0.9532663233619196,0.516296187268186,0.6633125725346026,0.7136708297575002,0.5176504781238301,2.37,126.99,287194,7,0,energetic
0.5055753103492773,0.6552239170783782,0.31789341911399094,0.47123969029681756,0.12292061580148324,0.20623005686022652,0.7508822014639934,3.32,192.11,161826,10,1,calm
0.6226785425558677,0.4136472328397255,0.3005471451269479,0.6137976568627711,0.37048003017092923,0.35279287516656016,0.28581787248884855,4.32,163.24,177911,7,1,calm
0.6258710424841225,0.6947235903030371,0.634257836998974,0.6946944884938477,0.2014855979297365,0.43580791492029947,0.24136420433372532,3.94,143.94,179115,6,0,happy
0.7233762475097625,0.4531330360030978,0.49274640375121903,0.37254149950036025,0.09436270834861228,0.34591671777627064,0.47356809759419793,3.51,61.69,279339,4,1,calm
0.34131031792299943,0.23700457166720776,0.31542213647326034,0.37244976305378014,0.5385057324898126,0.5073420857571359,0.6173592130471192,1.19,164.2,254296,8,0,sad
0.4744786629724426,0.3700105115322375,0.4114354958150398,0.05790415876897844,0.5838967425935339,0.3025877881184469,0.37985943819958246,1.07,93.86,197574,5,0,sad
0.2971425250471269,0.315290095767376,0.22579710985497534,0.677888436458863,0.3263109464621374,0.32290340218369373,0.2868654456340965,4.14,153.54,120974,11,1,sad
0.35228290715125615,0.138661154577997,0.5101372164253944,0.41362110007843683,0.30191152311872105,0.4296355244247128,0.3988835079682672,2.13,155.11,292674,5,0,sad
0.6980922429346794,0.5722698246419249,0.814881551861726,0.2905294285465295,0.4015715810302692,0.37162717102177106,0.36358277823674046,1.95,163.41,164672,1,1,happy
0.22185060666897016,0.33319977820637364,0.2268446569189235,0.43332489119498563,0.7331338526618391,0.6634230164144274,0.3990427353579632,2.69,138.26,290707,2,0,sad
0.46158547981500864,0.5881735291230354,0.32446690670481154,0.8239119852964268,0.23118669953506102,0.31118204100514263,0.5424937482391315,2.29,166.9,292837,5,0,sad
0.41581654310059346,0.44243912114517964,0.5849420295158293,0.434639422455646,0.600343795405605,0.22374868836459305,0.12783347367738934,4.41,110.54,146217,6,1,calm
1.0,0.7840943608356915,0.6483936743946837,0.09308124353324823,0.3839149841269762,0.20738978835616823,0.5195334116817143,3.3,194.11,186502,4,1,energetic
0.8608123472887441,1.0,0.6759664793416869,0.519828257125933,0.3472172539097477,0.34692758255446315,0.36150144746008483,1.58,110.27,192158,0,0,energetic
0.7009057389800248,0.3205912448786042,0.3057701522560704,0.6439225762634679,0.3591773048733273,0.5358323898780232,0.34815076130666417,4.01,71.71,221752,4,0,calm
0.42975386352202405,0.4065565595487976,0.48342118832001124,0.22371944041977632,0.6480946286743614,0.21282225144981431,0.33683566708923574,4.78,159.67,253498,10,1,sad
1.0,0.782879257263151,0.6267589412954968,0.09493406689392689,0.303751246451018,0.35806422967933277,0.47438214023041697,4.83,175.16,239084,9,0,energetic
0.5600116423328012,0.5032115893942873,0.5119830674113088,0.5092394839900635,0.42736793782684795,0.8949575277738706,0.41436423908814657,1.45,103.51,223568,7,1,calm
0.827828681346661,0.7594157981677362,0.9390787939371482,0.13564346844395705,0.46179083098334006,0.4893500234852783,0.1795587939745731,3.59,128.81,125430,8,1,happy
0.5185813069107549,0.39377551505384056,0.6557348069762049,0.5166971955658833,0.2941027289593963,0.2867658069453522,0.5501069419367095,4.35,129.2,273607,8,0,calm
0.26169839946083157,0.3037011016073283,0.32366649050199164,0.7376399103285948,0.19974020567827871,0.44873596818008693,0.6642038926826034,3.09,164.24,169142,9,1,sad
0.57479953986272,0.31568309736424793,0.4851691061510776,0.3500574498361242,0.5685613846856008,0.6523749696039234,0.28507372101359096,3.75,68.19,195348,9,0,calm
0.3135434272721699,0.6543082687677945,0.30656696440708336,0.26769479396792123,0.300314113140116,0.20226902146911405,0.37131443599551206,2.74,161.28,121629,7,1,sad
0.37889816482977967,0.5290380492598548,0.2839966163224729,0.7034819206064132,0.2124808715630792,0.17438372601387028,0.13409539242020024,3.77,159.57,187973,11,0,calm
0.5400300553555404,0.712134258629917,0.6597217494538674,0.4699363707974365,0.047374427729979074,0.3140807235333979,0.6720972705467034,3.96,68.53,267680,4,1,calm
0.5800114498026954,0.6539243322266297,0.3470859899336611,0.10402352895397038,0.33221223153898133,0.5892279231005643,0.3150285396760144,3.89,144.03,211247,11,1,calm
0.8513507384454515,1.0,0.43529628472466014,0.27251722821185176,0.4672577374666844,0.08376978854717919,0.34912926474754014,1.69,76.35,186622,9,0,energetic
0.5719377906207297,0.4698376024811548,0.5014311319424117,0.6811794650947791,0.7101244791646507,0.611455860228047,0.44565581297818607,1.03,189.44,199795,9,0,sad
0.42106354452150585,0.2872516164834411,0.2691084507434602,0.28908585258598385,0.3918219565095539,0.661295867124963,0.22777824905196867,3.52,96.72,170274,4,1,sad
0.9354812457612642,0.5182677163876819,0.6521427577999556,0.5045488720905011,0.5669704109093711,0.8816075623420747,0.663573406447703,4.05,96.41,289805,1,0,happy
0.791978474466901,0.8883941853456734,0.8840227416012404,0.36104521735822825,0.2383401157487898,0.6804064237579002,0.40924248890466913,3.49,142.56,294675,2,1,happy
0.5820922879109709,0.3632735046984692,0.5513778456710762,0.30447368124782,0.24240993333880625,0.5280299476582808,0.4040806347568969,3.24,106.49,147889,4,0,calm
0.30635539483509905,0.22242360384224966,0.2872711432515971,0.5746347551660331,0.42162281909025445,0.6640210441219649,0.658541719047886,3.47,167.8,138712,4,1,sad
0.9582686961681618,0.7001557689717618,0.6908265095731662,0.28613818940563285,0.48580798339921494,0.4540080528646001,0.22861177461084914,1.59,181.5,174277,3,1,energetic
0.9072128258475781,0.9482686083655012,0.6317767674170235,0.3010611211297035,0.48365530048798716,0.21871194198003616,0.5458917395982107,3.01,106.86,268770,4,0,energetic
0.7205916293394553,0.6889790418153673,0.6533529744267792,0.5648060434609051,0.39709250272034347,0.48361749923453584,0.25361870650823576,3.76,60.01,287723,1,1,happy
0.9048879906586376,0.6568439416675784,0.7424370528630486,0.6297897075762942,0.15403629201388716,0.4301907591270142,0.22030813501362254,4.88,136.93,152850,4,1,happy
0.2813358482634953,0.58738026512313,0.3737106850529246,0.20300096376230556,0.1728578368959047,0.08434197402277452,0.3369414541768407,2.92,144.0,172499,8,0,sad
0.4289839957057089,0.2212004490195561,0.17715021397897202,0.5957848531917859,0.5441090993720347,0.2037278750886545,0.28619293189762035,3.98,152.42,168694,2,1,sad
0.49598546224323065,0.7005476869139358,0.4156582454350364,0.5334482739530234,0.7523729170378026,0.2691139004220185,0.15672072063016082,3.77,120.2,133379,2,1,calm
0.5411657983340633,0.2223171159042925,0.2872544800007984,0.20291414757049703,0.5672560505801142,0.07874981712907388,0.7744064952652747,3.67,66.68,179812,11,1,sad
0.8195391180758678,0.945559743250099,0.605225396515608,0.4668169654338958,0.15745070575859374,0.4337596856214602,0.11915719951790738,3.63,196.18,253902,7,1,energetic
0.33952829199376533,0.313076039829828,0.3380873579002207,0.5223128015649822,0.4010938607035611,0.4712416824369748,0.5415978764106322,1.48,101.12,296101,6,0,sad
0.9169313723853858,1.0,0.6640914786632224,0.06856919433158495,0.392895722817481,0.20535431928135972,0.6109661078480254,4.47,68.67,174948,10,0,energetic
0.9928591261499848,1.0,0.7280638431548961,0.34280410965654656,0.6644686683385473,0.3355557766533907,0.12345511095470832,2.6,98.51,144127,8,1,energetic
0.6622920499341374,0.6235599615462712,0.5439588868468359,0.5547486383088781,0.2494989778241784,0.5557609961304878,0.697186611380531,3.14,127.88,244638,9,1,calm
0.887479314667305,0.9783486201350945,0.695542922275577,0.7516786663533966,0.5137609350641522,0.6318534733721809,0.20906061789214384,2.27,100.67,208284,1,0,energetic
0.5606425805498201,0.3996731393564156,0.2857933670905382,0.585372542279853,0.5937331628157145,0.20771418010889783,0.2080295324761237,4.95,118.16,132216,11,1,calm
0.45332073178993126,0.35241106724611465,0.0,0.17717836814741472,0.7554290680563417,0.6081610065063199,0.7054242081264526,3.76,114.21,182299,4,0,sad
0.46894990616802174,0.48841775064776216,0.414480430993427,0.219801113569135,0.18643540083519383,0.23331350890414868,0.5284490488536681,3.85,194.38,285272,11,0,calm
0.7926926525159897,0.9915244653272067,0.8491295379755734,0.44240486972081333,0.49007206382358737,0.40007151780977357,0.5653624721482956,3.28,173.22,147508,9,1,energetic
0.6908993850232386,0.26924335500022806,0.45288198542413005,0.36215257598241674,0.2620581954527101,0.5844920318219311,0.8180058394668073,2.45,147.65,125502,5,1,calm
0.3993294160214633,0.6548984035638297,0.26095383343187917,0.32234062276469133,0.2412683820949598,0.5078412535445386,0.04143438025473306,2.37,72.84,150164,6,0,sad
0.39648323737740276,0.43993899436989303,0.48428096855353514,0.03708259714536727,0.798170563473407,0.5026604774441386,0.5709142486253644,4.54,103.48,221722,2,0,sad
0.6656322507803558,0.7887268242685281,0.507065704663897,0.7671455601735431,0.1961302316202792,0.7404955773594911,0.8022937821525451,1.43,188.45,281158,8,0,calm
0.9231361341201141,0.8272867716754639,0.8465625495042992,0.6118306203123136,0.7704136545929032,0.5647614352367456,0.42797396585560343,3.45,105.22,180922,7,0,energetic
0.5846075674691719,0.8148098531075638,0.2921885912272806,0.3316852281020306,0.569718549641211,0.12833020266137005,0.2133638176495586,3.65,117.15,170483,6,0,calm
0.9453572447334574,1.0,0.44642515767426644,0.23267313159258546,0.43417713049146617,0.5868820250415082,0.35931645002893475,3.94,174.6,178879,3,1,energetic
0.40403290477314985,0.14479722180962346,0.5409126101465992,0.12671965882729377,0.24148154359204235,0.34463331803913705,0.2339092185243003,1.7,151.02,148878,5,1,sad
0.20106069788367864,0.33652346224692864,0.5873565418929128,0.4969921624370907,0.05678993188466237,0.2781634924343594,0.540433269094247,1.63,173.78,143868,3,1,calm
0.3893778506157989,0.29629382538790966,0.4567701822576403,0.6967362099436554,0.5706143485148345,0.1354383983368761,0.38039977946417275,1.35,72.59,154784,5,0,sad
0.9353556781657136,0.7064081643355513,0.7145347177791749,0.36370758804388104,0.419134311104628,0.4852577634157774,0.4419533609665657,1.09,154.2,229532,5,1,energetic
1.0,0.8943339645848235,0.458259303328715,0.18433282990148428,0.4082516448077528,0.3094914589458351,0.6777444716147193,2.83,156.46,205874,11,1,energetic
0.49888008285402297,0.6457084834141315,0.566510853131333,0.44591343866941907,0.12201160349133677,0.19674647668326617,0.140592369891735,3.74,147.2,147519,10,1,calm
0.6573986763290033,0.43858171325326933,0.5114924158187691,0.8436343396439248,0.4320812072413574,0.22543249753751077,0.4764701210607785,2.65,69.68,198689,5,1,calm
0.2974857774483381,0.3397131209838714,0.6936825155472658,0.6169508812804624,0.5812679505607092,0.3359718147538658,0.25328555772150513,3.74,135.36,122625,9,0,sad
0.9126053921427105,0.7137721180997681,0.5606211325969563,0.19956713380777485,0.19539674659390638,0.2706544854989583,0.35313123779376243,1.58,124.95,164369,7,1,energetic
0.862635570608662,0.5615730130156746,0.5686304013875729,0.6003840236856269,0.06301534531199651,0.5923778093532471,0.4612807614531858,4.19,98.08,263268,9,0,happy
0.5146119304338026,0.5524362472664102,0.13571103442236157,0.4201963050014195,0.3081167833919884,0.5810337009277262,0.4070953884022929,2.27,115.48,244317,10,0,sad
0.5160110890639598,0.6134466936034112,0.42396689751991656,0.37022485729721255,0.7457136065992628,0.27936356137802754,0.45285009011286387,4.83,106.31,256957,7,1,calm
0.1275744234816945,0.38405186142807723,0.5115692739536976,0.3021783046080833,0.8848909987220016,0.2989651254180334,0.15300078658013408,2.1,193.39,257711,4,1,sad
0.7664484167966934,0.6795366774583576,0.6832537170490245,0.3397201341176605,0.4900392725817844,0.7486371668194621,0.37662486311036203,4.11,94.82,242072,2,0,happy
0.3914380869077879,0.4078242508768892,0.22716037036916836,0.4858864923956956,0.33777320600730554,0.4922422185295015,0.7280338131660811,3.41,140.21,223462,11,0,sad
0.6627661593196041,0.686110090709741,0.5196538886259685,0.5378369972341652,0.3834309073137294,0.02353013796200665,0.3548605765387746,4.96,99.04,286237,9,0,happy
0.36919684618825904,0.6915866554692158,0.351469390873846,0.628968409481436,0.3562941659977677,0.3497320904425045,0.2594342970001231,3.61,96.27,132556,5,0,sad
0.6705373018030109,0.5652213244437506,0.27007881494851915,0.2745048686498512,0.09287487768828873,0.488571925913764,0.678653415544914,1.22,183.94,206727,0,1,calm
0.8780822741339033,0.7789091737672827,0.9272461335900786,0.1151488696117076,0.1444013306533579,0.7681385479377564,0.6408790993408753,4.97,138.82,184191,3,0,energetic
0.8305854046492506,0.9164790109564873,0.7513685377011271,0.6532259437266128,0.7438110314082141,0.39623192097632043,0.2611908812475207,4.33,103.09,266949,11,0,energetic
0.46768584618673636,0.626153195633875,0.4977419193497599,0.33012917196667046,0.5535707643724771,0.1891918430930569,0.9199406865289318,3.24,199.04,196518,4,1,calm
1.0,1.0,0.5494363162654944,0.7883497957971448,0.12190552820110218,0.3334759171519496,0.23912817572010373,2.9,152.91,288629,4,1,energetic
0.5617464820507148,0.676439051348447,0.6313163081554034,0.3639697197724076,0.127731920014725,0.753956258685609,0.1751227696868576,2.51,189.41,231047,11,0,calm
0.44682482537119317,0.4450024062380733,0.42946077716943787,0.28281066793148907,0.6739452111838214,0.26267148540583535,0.6238336926441705,4.11,64.22,147448,8,1,sad
0.7917376802137845,0.8414263262998734,0.6639214064303006,0.3361755567719094,0.4335514371697044,0.40757853508589026,0.3619317690837641,2.69,74.61,183087,10,0,happy
0.9571768120749973,0.6473183392636397,0.6355611088606469,0.3001000857453603,0.4914262788218334,0.27260327216059466,0.5595096522095622,1.72,100.6,218355,1,1,happy
0.4578799261842598,0.3868202968978186,0.4536509347444269,0.22460381430402537,0.229546031872056,0.36203108521120103,0.6353094326515474,4.73,112.44,134540,3,1,calm
0.9395804940730208,0.9582366870660428,0.5694324001707899,0.3310188675406656,0.4995671604989511,0.4510953927719742,0.41335773873124,3.85,175.39,281213,4,1,energetic
0.34592504350617975,0.29044941489821685,0.4169049771566715,0.5952230989240678,0.6363796654815055,0.12066092043535323,0.6968830611023838,3.28,61.47,257101,2,1,sad
0.3894915455738525,0.37744774505705997,0.20867652563649525,0.17801575916577325,0.3537381119225224,0.44160982898947965,0.1672720056025114,1.96,180.73,231928,5,0,sad
0.9100666038574238,0.8272743160353809,0.7333590146914505,0.3132896040288496,0.21559867360778232,0.14791211093099033,0.40263976621085296,3.99,125.83,286494,7,1,energetic
0.4229423053032863,0.18370854677797274,0.39517238339248506,0.486670306967609,0.18034153454416726,0.4049176000284762,0.2785401156382514,4.09,93.73,294376,8,1,sad
0.8561213223774613,0.7313583656879146,0.5525959928251573,0.2668775379705686,0.7618365171904947,0.4105044415955604,0.18437464678600068,1.08,149.99,125986,2,1,energetic
0.8861976724550233,0.858940612174986,0.6978594470575917,0.3975643921321968,0.39032054769105967,0.369124763603307,0.3480990898238666,1.27,199.8,124467,2,0,energetic
0.7967032009966916,0.617502404701434,0.9651098320189391,0.2287200069186086,0.8356582567644497,0.5789855170452264,0.37496125176671086,4.06,87.57,275990,1,1,happy
0.3294576285997549,0.41480725784815053,0.24466784355509258,0.3075070706385614,0.1723779880340108,0.15253644494488997,0.04600698801927523,4.04,121.47,210780,11,1,sad
0.49861087070812504,0.49378427063096536,0.47467137705750084,0.2267925587020756,0.7383970585394989,0.10944334582081734,0.4149858613185604,2.62,65.36,128729,7,1,sad
0.44864844151636224,0.3010625323988974,0.38038568863035405,0.7867953943406443,0.0980746316902083,0.1865614957241856,0.637696844221823,2.65,78.95,122095,9,0,sad
0.30226358825162897,0.40220411433165504,0.3579249746997583,0.2688660004841526,0.48600791526553877,0.19714606629896161,0.8323670836636815,4.66,154.42,192671,8,0,sad
0.5078927819072221,0.45445421945182135,0.5649673945809667,0.35933752749945197,0.4116933898511698,0.6720472621683126,0.28986725019331755,4.2,180.82,147123,5,1,calm
0.8631423093259863,0.6008846786839146,0.7935753081303025,0.36965843042444185,0.09700608263497294,0.10811651277589866,0.08633138362314627,3.82,96.67,210705,9,1,energetic
0.2795517949119676,0.33812572746432623,0.4659858805024783,0.5027754281327177,0.7027310368642385,0.6462925791389577,0.2409307539663102,4.14,161.9,194531,11,1,calm
0.8071534005744062,0.8432854718722758,0.5193865726237785,0.29677560843890294,0.15518461318752827,0.25024776064840765,0.4702280071496832,1.16,145.72,136140,3,1,energetic
0.7040686954159441,0.3420459809512188,0.4024502196801819,0.29803144610898236,0.6895115883234444,0.15251193025196974,0.3342489269452838,2.82,97.22,193482,10,1,sad
0.7218487316536402,0.7937193084204252,0.970346190151221,0.2193580752488408,0.8201450111397683,0.18064097332545287,0.34297310334115855,3.21,66.55,295369,5,0,happy
0.6481916882567524,0.5101630218712006,0.34341188877417583,0.5892804227519303,0.7535157637344002,0.3290031139902197,0.6960915753893825,1.77,190.64,146921,9,1,calm
0.9730115873371186,0.36068795546831867,0.9997712869311859,0.5855004238582897,0.4148932769946914,0.5294727956313519,0.2097438615859953,3.68,110.77,288435,9,0,happy
0.9131481813143157,0.5213327268168738,0.8238499214737638,0.7312362507577256,0.5088299645109772,0.43262600903583026,0.12461355752474404,2.82,116.61,124041,3,0,happy
0.7711341361079862,0.6190381961013108,0.5870057550512465,0.234608999919242,0.05548238171166324,0.3158651470265156,0.3779512889827414,3.79,113.79,252678,10,1,happy
0.9848174212666668,0.7151215027847236,0.7828449906519285,0.6514686711195619,0.6651545888076494,0.6813889494591402,0.4834524159142098,4.3,178.28,164821,5,0,energetic
0.6803087037252028,0.7894113810032976,0.97542088064711,0.32746036379950444,0.4912316295766413,0.4640872948703152,0.00433680718850375,3.1,71.0,120094,9,0,happy
0.40748464904913945,0.582910552700137,0.33833791010474734,0.46433832148492,0.24308937073435355,0.13033232471045042,0.5640718372095074,3.11,101.36,204920,11,1,sad
1.0,0.9470605602900841,0.8906731541920355,0.4437498405390967,0.2984671820617705,0.5016367120574855,0.31792206661381195,3.4,189.19,235804,8,1,energetic
0.3534122155220252,0.4167227225726617,0.4022953290740212,0.8371947504062579,0.382928219987672,0.6680490296394503,0.12220976331903424,3.75,109.36,296494,7,1,sad
0.8694441431739138,0.8695636532125108,0.7619838174529052,0.11759524851078874,0.6460097004751288,0.16590400967602936,0.3757116584799701,3.93,98.17,222937,11,0,energetic
0.7386232046552017,1.0,0.7585150806315172,0.23378363904459895,0.5414551082338503,0.2966270450248466,0.3191084175087998,3.84,154.32,229791,1,0,happy
0.4428920398180989,0.49163465108511967,0.2472562248208614,0.4762351684748749,0.5100083513273256,0.5071950850489093,0.589575583020222,2.83,126.55,260940,11,0,sad
1.0,0.6956099580375805,0.5593588330529035,0.5716587545080116,0.4643956435983951,0.5130013171410382,0.47051499658709506,1.03,74.62,274429,2,0,energetic
0.7638735924380455,0.8353597264499956,0.5361365306351864,0.40080896725409626,0.21809903560140462,0.5143052089766158,0.22500667311876263,3.59,113.52,179759,3,0,energetic
0.37831543638505044,0.5565163159812718,0.2920934176836671,0.5336082042592799,0.2724405852848147,0.6097010968403634,0.7705503810433707,1.26,82.18,188707,7,1,sad
0.19678597980213636,0.28622772759741455,0.39827458457642123,0.23248277904995282,0.2582784635557183,0.45688747993448353,0.4443072459824069,1.12,143.02,184414,0,0,sad
0.4590481076622319,0.3574199145318977,0.6533147082118925,0.4033256926903685,0.3098092061646356,0.5136742467927923,0.42026124127197856,3.02,193.25,245744,7,1,calm
0.675280439570657,0.5415508001041387,0.6412244418506282,0.2756031766578445,0.19090428457550424,0.5461305808779694,0.31789969180634126,3.05,167.72,288263,10,0,happy
1.0,0.7820543920292508,0.8035945854635139,0.06763825229144116,0.17019953447253588,0.46039527747312425,0.07033407969118353,3.57,94.39,139670,4,1,energetic
0.66071487434317,0.858233861882762,0.9416063222223627,0.0963425394944618,0.6752841729805403,0.2958276494142436,0.34357929216562966,2.3,153.55,249039,5,0,happy
0.7875279863867468,0.9282088424057015,0.8899718742747034,0.5045666269677924,0.5018118178470828,0.3525264426283632,0.25823896377743605,1.46,72.85,282378,1,1,energetic
0.29288532354897046,0.3233555911780203,0.35703929540464063,0.7623823268709271,0.12397680926092478,0.4973503774285627,0.46164562785841257,4.77,65.94,275950,3,1,sad
0.7691375535670935,0.7811247886542431,0.987758258432316,0.3170555402929695,0.38464296192885894,0.08837244953828755,0.56655892879699,2.14,184.58,226206,2,0,happy
0.8295063085036003,0.7211622299108882,0.6873847835745088,0.34305296126927876,0.46834163020511865,0.17797466675325002,0.1394537952961309,3.12,95.85,142206,3,1,happy
0.8144307799826273,0.7691184934836736,1.0,0.43813897495999193,0.49395687830611923,0.4875577251528055,0.1457437706920075,4.33,124.9,252748,11,1,energetic
0.9214096525379224,1.0,0.5968049156922121,0.7183255615069607,0.76799128804789,0.5377539428098196,0.5005342577677203,2.18,93.1,161406,2,0,energetic
0.5594243526794201,0.927106077926751,0.5605169435018448,0.1843175180406875,0.3289074935163213,0.5500463557450938,0.14129406794320154,2.47,138.13,209726,11,1,calm
0.2634481577888449,0.41663446452451186,0.5604829279149124,0.3737179358752879,0.5715584263889146,0.2103550314802532,0.19892290293380505,1.67,152.66,219077,9,1,sad
0.15921316730731144,0.5915448079132282,0.3507035221652562,0.3000765375218962,0.10369022006887438,0.5982276039026185,0.42615824727948903,3.48,86.13,124624,5,1,sad
0.7657876830354036,0.6363392015603702,0.9221636232864053,0.3147884882612761,0.7958061234367606,0.09965499790438641,0.2926122017348373,4.12,87.73,251036,5,1,happy
0.3048827432697422,0.17187489856972404,0.32644913143382503,0.47816258085156976,0.3886909342889479,0.34530243943311495,0.16363352424397623,2.54,152.89,135605,1,0,calm
0.356669659309744,0.43057340912912007,0.38386638039217913,0.7668674873157455,0.206016181181203,0.24526075191077804,0.35774527411740076,1.48,76.45,236857,0,0,sad
0.8238744095599838,0.7410565329876919,0.7998424584016339,0.4863311426131853,0.3206816309858809,0.424337415940504,0.7655411949524062,3.35,197.83,290492,1,1,happy
1.0,0.6085785387169576,0.4848735296693156,0.5575174521150003,0.284308637072124,0.35118799191224526,0.26895305547881576,3.62,152.08,164448,8,1,energetic
0.5005950274223413,0.37390181269486117,0.3012265528786541,0.46745476774521494,0.3337977380146871,0.18088701079091854,0.10149873254488147,1.83,191.88,201073,1,1,sad
0.4367930852859228,0.3213578143913326,0.6196219795427644,0.10914740170433151,0.3662303251766739,0.8356068775112933,0.5749290299521955,4.01,62.46,168242,2,1,calm
0.8925797043432969,0.5296385660657393,0.3609410236237147,0.6409098144825466,0.8713329020678562,0.45313642221470735,0.6238466353329922,3.01,137.25,214493,3,0,happy
0.5763573796494836,0.5259949617710813,0.5819983302784985,0.22219097876363214,0.35028199765739293,0.30805158286303613,0.45434455089089293,3.44,77.45,134124,1,1,happy
1.0,0.9648814197045327,0.6171589555766313,0.45622498047490956,0.30762681051539403,0.45441070662289446,0.25389466907866093,4.82,147.19,183781,11,0,energetic
0.8215194890170895,0.561524062710546,0.7559301387035005,0.2444059479783194,0.5758556668963316,0.585042998851721,0.16733700135081933,4.99,68.58,197890,0,0,happy
0.931030026967982,0.9617702695796277,0.5613680348986907,0.39154968286886876,0.6631584778728857,0.22608625584152164,0.3884252586412569,2.89,135.35,232423,2,1,energetic
0.2195855637880806,0.3471619994147108,0.49222110792229556,0.5905725514527963,0.24756860689764643,0.498788903951163,0.2223642011318574,4.4,198.69,194732,10,0,sad
0.4714329902485639,0.535329955870611,0.452877728079247,0.3681482430771443,0.3042637429571206,0.13837645412420543,0.413467128606924,2.24,126.99,123427,6,0,sad
0.5311974059220267,0.14237402702864627,0.8122314977642532,0.5169032193007712,0.5171912550187647,0.4482241220732263,0.275749819899694,1.42,105.8,229150,0,1,calm
